Domain Code,Domain,Area Code (M49),Area,Element Code,Element,Item Code (CPC),Item,Year Code,Year,Months Code,Months,Unit,Value,Flag,Flag Description
"PP","Producer Prices","050","Bangladesh","5539","Producer Price Index (2014-2016 = 100)","01379.01","Areca nuts","2025","2025","7021","Annual value","","136.51","E","Estimated value"
"PP","Producer Prices","050","Bangladesh","5539","Producer Price Index (2014-2016 = 100)","01312","Bananas","2025","2025","7021","Annual value","","185.76","E","Estimated value"
"PP","Producer Prices","050","Bangladesh","5539","Producer Price Index (2014-2016 = 100)","0115","Barley","2025","2025","7021","Annual value","","124.03","E","Estimated value"
"PP","Producer Prices","050","Bangladesh","5539","Producer Price Index (2014-2016 = 100)","01701","Beans, dry","2025","2025","7021","Annual value","","126.82","E","Estimated value"
"PP","Producer Prices","050","Bangladesh","5539","Producer Price Index (2014-2016 = 100)","01212","Cabbages","2025","2025","7021","Annual value","","204.65","E","Estimated value"
"PP","Producer Prices","050","Bangladesh","5539","Producer Price Index (2014-2016 = 100)","01229","Cantaloupes and other melons","2025","2025","7021","Annual value","","108.74","E","Estimated value"
"PP","Producer Prices","050","Bangladesh","5539","Producer Price Index (2014-2016 = 100)","01372","Cashew nuts, in shell","2025","2025","7021","Annual value","","183.48","E","Estimated value"
"PP","Producer Prices","050","Bangladesh","5539","Producer Price Index (2014-2016 = 100)","01447","Castor oil seeds","2025","2025","7021","Annual value","","114.79","E","Estimated value"
"PP","Producer Prices","050","Bangladesh","5539","Producer Price Index (2014-2016 = 100)","01213","Cauliflowers and broccoli","2025","2025","7021","Annual value","","225.4","E","Estimated value"
"PP","Producer Prices","050","Bangladesh","5539","Producer Price Index (2014-2016 = 100)","01199.90","Cereals n.e.c.","2025","2025","7021","Annual value","","157.09","E","Estimated value"
"PP","Producer Prices","050","Bangladesh","5539","Producer Price Index (2014-2016 = 100)","01703","Chick peas, dry","2025","2025","7021","Annual value","","149.89","E","Estimated value"
"PP","Producer Prices","050","Bangladesh","5539","Producer Price Index (2014-2016 = 100)","01652","Chillies and peppers, dry (Capsicum spp., Pimenta spp.), raw","2025","2025","7021","Annual value","","214.05","E","Estimated value"
"PP","Producer Prices","050","Bangladesh","5539","Producer Price Index (2014-2016 = 100)","01231","Chillies and peppers, green (Capsicum spp. and Pimenta spp.)","2025","2025","7021","Annual value","","117.59","E","Estimated value"
"PP","Producer Prices","050","Bangladesh","5539","Producer Price Index (2014-2016 = 100)","01460","Coconuts, in shell","2025","2025","7021","Annual value","","76.9","E","Estimated value"
"PP","Producer Prices","050","Bangladesh","5539","Producer Price Index (2014-2016 = 100)","01921.02","Cotton lint, ginned","2025","2025","7021","Annual value","","108.01","E","Estimated value"
"PP","Producer Prices","050","Bangladesh","5539","Producer Price Index (2014-2016 = 100)","0143","Cotton seed","2025","2025","7021","Annual value","","197.6","E","Estimated value"
"PP","Producer Prices","050","Bangladesh","5539","Producer Price Index (2014-2016 = 100)","01232","Cucumbers and gherkins","2025","2025","7021","Annual value","","138.57","E","Estimated value"
"PP","Producer Prices","050","Bangladesh","5539","Producer Price Index (2014-2016 = 100)","0232","Eggs from other birds in shell, fresh, n.e.c.","2025","2025","7021","Annual value","","173.95","E","Estimated value"
"PP","Producer Prices","050","Bangladesh","5539","Producer Price Index (2014-2016 = 100)","01657","Ginger, raw","2025","2025","7021","Annual value","","150.27","E","Estimated value"
"PP","Producer Prices","050","Bangladesh","5539","Producer Price Index (2014-2016 = 100)","01252","Green garlic","2025","2025","7021","Annual value","","119.46","E","Estimated value"
"PP","Producer Prices","050","Bangladesh","5539","Producer Price Index (2014-2016 = 100)","0142","Groundnuts, excluding shelled","2025","2025","7021","Annual value","","129.7","E","Estimated value"
"PP","Producer Prices","050","Bangladesh","5539","Producer Price Index (2014-2016 = 100)","0231","Hen eggs in shell, fresh","2025","2025","7021","Annual value","","170.83","E","Estimated value"
"PP","Producer Prices","050","Bangladesh","5539","Producer Price Index (2014-2016 = 100)","01922.01","Jute, raw or retted","2025","2025","7021","Annual value","","230.51","E","Estimated value"
"PP","Producer Prices","050","Bangladesh","5539","Producer Price Index (2014-2016 = 100)","01922.02","Kenaf, and other textile bast fibres, raw or retted","2025","2025","7021","Annual value","","349.27","E","Estimated value"
"PP","Producer Prices","050","Bangladesh","5539","Producer Price Index (2014-2016 = 100)","01322","Lemons and limes","2025","2025","7021","Annual value","","129.05","E","Estimated value"
"PP","Producer Prices","050","Bangladesh","5539","Producer Price Index (2014-2016 = 100)","01704","Lentils, dry","2025","2025","7021","Annual value","","111.66","E","Estimated value"
"PP","Producer Prices","050","Bangladesh","5539","Producer Price Index (2014-2016 = 100)","01214","Lettuce and chicory","2025","2025","7021","Annual value","","105.5","E","Estimated value"
"PP","Producer Prices","050","Bangladesh","5539","Producer Price Index (2014-2016 = 100)","01441","Linseed","2025","2025","7021","Annual value","","123.45","E","Estimated value"
"PP","Producer Prices","050","Bangladesh","5539","Producer Price Index (2014-2016 = 100)","0112","Maize (corn)","2025","2025","7021","Annual value","","122.32","E","Estimated value"
"PP","Producer Prices","050","Bangladesh","5539","Producer Price Index (2014-2016 = 100)","01316","Mangoes, guavas and mangosteens","2025","2025","7021","Annual value","","82.53","E","Estimated value"
"PP","Producer Prices","050","Bangladesh","5539","Producer Price Index (2014-2016 = 100)","21112","Meat of buffalo, fresh or chilled","2025","2025","7021","Annual value","","122.88","E","Estimated value"
"PP","Producer Prices","050","Bangladesh","5539","Producer Price Index (2014-2016 = 100)","21112b","Meat of buffalo, fresh or chilled (biological)","2025","2025","7021","Annual value","","124.09","E","Estimated value"
"PP","Producer Prices","050","Bangladesh","5539","Producer Price Index (2014-2016 = 100)","21111.01","Meat of cattle with the bone, fresh or chilled","2025","2025","7021","Annual value","","123.44","E","Estimated value"
"PP","Producer Prices","050","Bangladesh","5539","Producer Price Index (2014-2016 = 100)","21111.01b","Meat of cattle with the bone, fresh or chilled (biological)","2025","2025","7021","Annual value","","124.25","E","Estimated value"
"PP","Producer Prices","050","Bangladesh","5539","Producer Price Index (2014-2016 = 100)","21121","Meat of chickens, fresh or chilled","2025","2025","7021","Annual value","","123.6","E","Estimated value"
"PP","Producer Prices","050","Bangladesh","5539","Producer Price Index (2014-2016 = 100)","21121b","Meat of chickens, fresh or chilled (biological)","2025","2025","7021","Annual value","","135.87","E","Estimated value"
"PP","Producer Prices","050","Bangladesh","5539","Producer Price Index (2014-2016 = 100)","21122","Meat of ducks, fresh or chilled","2025","2025","7021","Annual value","","124.09","E","Estimated value"
"PP","Producer Prices","050","Bangladesh","5539","Producer Price Index (2014-2016 = 100)","21122b","Meat of ducks, fresh or chilled (biological)","2025","2025","7021","Annual value","","124.13","E","Estimated value"
"PP","Producer Prices","050","Bangladesh","5539","Producer Price Index (2014-2016 = 100)","21116","Meat of goat, fresh or chilled","2025","2025","7021","Annual value","","115.34","E","Estimated value"
"PP","Producer Prices","050","Bangladesh","5539","Producer Price Index (2014-2016 = 100)","21116b","Meat of goat, fresh or chilled (biological)","2025","2025","7021","Annual value","","123.55","E","Estimated value"
"PP","Producer Prices","050","Bangladesh","5539","Producer Price Index (2014-2016 = 100)","21115","Meat of sheep, fresh or chilled","2025","2025","7021","Annual value","","124","E","Estimated value"
"PP","Producer Prices","050","Bangladesh","5539","Producer Price Index (2014-2016 = 100)","21115b","Meat of sheep, fresh or chilled (biological)","2025","2025","7021","Annual value","","124.1","E","Estimated value"
"PP","Producer Prices","050","Bangladesh","5539","Producer Price Index (2014-2016 = 100)","0118","Millet","2025","2025","7021","Annual value","","123.72","E","Estimated value"
"PP","Producer Prices","050","Bangladesh","5539","Producer Price Index (2014-2016 = 100)","01950.01","Natural rubber in primary forms","2025","2025","7021","Annual value","","123.17","E","Estimated value"
"PP","Producer Prices","050","Bangladesh","5539","Producer Price Index (2014-2016 = 100)","01253.02","Onions and shallots, dry (excluding dehydrated)","2025","2025","7021","Annual value","","179.05","E","Estimated value"
"PP","Producer Prices","050","Bangladesh","5539","Producer Price Index (2014-2016 = 100)","01323","Oranges","2025","2025","7021","Annual value","","109.19","E","Estimated value"
"PP","Producer Prices","050","Bangladesh","5539","Producer Price Index (2014-2016 = 100)","01241.90","Other beans, green","2025","2025","7021","Annual value","","127.63","E","Estimated value"
"PP","Producer Prices","050","Bangladesh","5539","Producer Price Index (2014-2016 = 100)","01355.90","Other berries and fruits of the genus vaccinium n.e.c.","2025","2025","7021","Annual value","","115.05","E","Estimated value"
"PP","Producer Prices","050","Bangladesh","5539","Producer Price Index (2014-2016 = 100)","01929.90","Other fibre crops, raw, n.e.c.","2025","2025","7021","Annual value","","349.38","E","Estimated value"
"PP","Producer Prices","050","Bangladesh","5539","Producer Price Index (2014-2016 = 100)","01359.90","Other fruits, n.e.c.","2025","2025","7021","Annual value","","116.67","E","Estimated value"
"PP","Producer Prices","050","Bangladesh","5539","Producer Price Index (2014-2016 = 100)","01449.90","Other oil seeds, n.e.c.","2025","2025","7021","Annual value","","114.42","E","Estimated value"
"PP","Producer Prices","050","Bangladesh","5539","Producer Price Index (2014-2016 = 100)","01709.90","Other pulses n.e.c.","2025","2025","7021","Annual value","","120.93","E","Estimated value"
"PP","Producer Prices","050","Bangladesh","5539","Producer Price Index (2014-2016 = 100)","01699","Other stimulant, spice and aromatic crops, n.e.c.","2025","2025","7021","Annual value","","124.14","E","Estimated value"
"PP","Producer Prices","050","Bangladesh","5539","Producer Price Index (2014-2016 = 100)","01809","Other sugar crops n.e.c.","2025","2025","7021","Annual value","","143.71","E","Estimated value"
"PP","Producer Prices","050","Bangladesh","5539","Producer Price Index (2014-2016 = 100)","01319","Other tropical fruits, n.e.c.","2025","2025","7021","Annual value","","116.47","E","Estimated value"
"PP","Producer Prices","050","Bangladesh","5539","Producer Price Index (2014-2016 = 100)","01290.90","Other vegetables, fresh n.e.c.","2025","2025","7021","Annual value","","103.94","E","Estimated value"
"PP","Producer Prices","050","Bangladesh","5539","Producer Price Index (2014-2016 = 100)","01317","Papayas","2025","2025","7021","Annual value","","189.63","E","Estimated value"
"PP","Producer Prices","050","Bangladesh","5539","Producer Price Index (2014-2016 = 100)","01705","Peas, dry","2025","2025","7021","Annual value","","94.03","E","Estimated value"
"PP","Producer Prices","050","Bangladesh","5539","Producer Price Index (2014-2016 = 100)","01707","Pigeon peas, dry","2025","2025","7021","Annual value","","132.37","E","Estimated value"
"PP","Producer Prices","050","Bangladesh","5539","Producer Price Index (2014-2016 = 100)","01318","Pineapples","2025","2025","7021","Annual value","","139.03","E","Estimated value"
"PP","Producer Prices","050","Bangladesh","5539","Producer Price Index (2014-2016 = 100)","01321","Pomelos and grapefruits","2025","2025","7021","Annual value","","155.04","E","Estimated value"
"PP","Producer Prices","050","Bangladesh","5539","Producer Price Index (2014-2016 = 100)","01510","Potatoes","2025","2025","7021","Annual value","","162.68","E","Estimated value"
"PP","Producer Prices","050","Bangladesh","5539","Producer Price Index (2014-2016 = 100)","01235","Pumpkins, squash and gourds","2025","2025","7021","Annual value","","150.18","E","Estimated value"
"PP","Producer Prices","050","Bangladesh","5539","Producer Price Index (2014-2016 = 100)","01443","Rape or colza seed","2025","2025","7021","Annual value","","137.91","E","Estimated value"
"PP","Producer Prices","050","Bangladesh","5539","Producer Price Index (2014-2016 = 100)","02212","Raw milk of buffalo","2025","2025","7021","Annual value","","124.07","E","Estimated value"
"PP","Producer Prices","050","Bangladesh","5539","Producer Price Index (2014-2016 = 100)","02211","Raw milk of cattle","2025","2025","7021","Annual value","","110.45","E","Estimated value"
"PP","Producer Prices","050","Bangladesh","5539","Producer Price Index (2014-2016 = 100)","02292","Raw milk of goats","2025","2025","7021","Annual value","","123.66","E","Estimated value"
"PP","Producer Prices","050","Bangladesh","5539","Producer Price Index (2014-2016 = 100)","02291","Raw milk of sheep","2025","2025","7021","Annual value","","110.45","E","Estimated value"
"PP","Producer Prices","050","Bangladesh","5539","Producer Price Index (2014-2016 = 100)","0113","Rice","2025","2025","7021","Annual value","","186.53","E","Estimated value"
"PP","Producer Prices","050","Bangladesh","5539","Producer Price Index (2014-2016 = 100)","01921.01","Seed cotton, unginned","2025","2025","7021","Annual value","","94.59","E","Estimated value"
"PP","Producer Prices","050","Bangladesh","5539","Producer Price Index (2014-2016 = 100)","01444","Sesame seed","2025","2025","7021","Annual value","","211.96","E","Estimated value"
"PP","Producer Prices","050","Bangladesh","5539","Producer Price Index (2014-2016 = 100)","02941","Shorn wool, greasy, including fleece-washed shorn wool","2025","2025","7021","Annual value","","124","E","Estimated value"
"PP","Producer Prices","050","Bangladesh","5539","Producer Price Index (2014-2016 = 100)","0114","Sorghum","2025","2025","7021","Annual value","","115.91","E","Estimated value"
"PP","Producer Prices","050","Bangladesh","5539","Producer Price Index (2014-2016 = 100)","0141","Soya beans","2025","2025","7021","Annual value","","126.1","E","Estimated value"
"PP","Producer Prices","050","Bangladesh","5539","Producer Price Index (2014-2016 = 100)","01215","Spinach","2025","2025","7021","Annual value","","127.88","E","Estimated value"
"PP","Producer Prices","050","Bangladesh","5539","Producer Price Index (2014-2016 = 100)","01802","Sugar cane","2025","2025","7021","Annual value","","143.47","E","Estimated value"
"PP","Producer Prices","050","Bangladesh","5539","Producer Price Index (2014-2016 = 100)","01530","Sweet potatoes","2025","2025","7021","Annual value","","153.38","E","Estimated value"
"PP","Producer Prices","050","Bangladesh","5539","Producer Price Index (2014-2016 = 100)","01324","Tangerines, mandarins, clementines","2025","2025","7021","Annual value","","115.14","E","Estimated value"
"PP","Producer Prices","050","Bangladesh","5539","Producer Price Index (2014-2016 = 100)","01620","Tea leaves","2025","2025","7021","Annual value","","123.64","E","Estimated value"
"PP","Producer Prices","050","Bangladesh","5539","Producer Price Index (2014-2016 = 100)","01234","Tomatoes","2025","2025","7021","Annual value","","139.32","E","Estimated value"
"PP","Producer Prices","050","Bangladesh","5539","Producer Price Index (2014-2016 = 100)","01970","Unmanufactured tobacco","2025","2025","7021","Annual value","","134.04","E","Estimated value"
"PP","Producer Prices","050","Bangladesh","5539","Producer Price Index (2014-2016 = 100)","0111","Wheat","2025","2025","7021","Annual value","","125.9","E","Estimated value"
