Domain Code,Domain,Area Code (M49),Area,Element Code,Element,Item Code (CPC),Item,Year Code,Year,Unit,Value,Flag,Flag Description
"QV","Value of Agricultural Production","050","Bangladesh","152","Gross Production Value (constant 2014-2016 thousand I$)","01379.01","Areca nuts","2024","2024","1000 Int$","979345","E","Estimated value"
"QV","Value of Agricultural Production","050","Bangladesh","56","Gross Production Value (current thousand SLC)","01379.01","Areca nuts","2024","2024","1000 SLC","106151126","E","Estimated value"
"QV","Value of Agricultural Production","050","Bangladesh","55","Gross Production Value (constant 2014-2016 thousand SLC)","01379.01","Areca nuts","2024","2024","1000 SLC","80433053","E","Estimated value"
"QV","Value of Agricultural Production","050","Bangladesh","57","Gross Production Value (current thousand US$)","01379.01","Areca nuts","2024","2024","1000 USD","918233","E","Estimated value"
"QV","Value of Agricultural Production","050","Bangladesh","58","Gross Production Value (constant 2014-2016 thousand US$)","01379.01","Areca nuts","2024","2024","1000 USD","1030303","E","Estimated value"
"QV","Value of Agricultural Production","050","Bangladesh","152","Gross Production Value (constant 2014-2016 thousand I$)","01312","Bananas","2024","2024","1000 Int$","289298","E","Estimated value"
"QV","Value of Agricultural Production","050","Bangladesh","56","Gross Production Value (current thousand SLC)","01312","Bananas","2024","2024","1000 SLC","36220440","E","Estimated value"
"QV","Value of Agricultural Production","050","Bangladesh","55","Gross Production Value (constant 2014-2016 thousand SLC)","01312","Bananas","2024","2024","1000 SLC","20895937","E","Estimated value"
"QV","Value of Agricultural Production","050","Bangladesh","57","Gross Production Value (current thousand US$)","01312","Bananas","2024","2024","1000 USD","313316","E","Estimated value"
"QV","Value of Agricultural Production","050","Bangladesh","58","Gross Production Value (constant 2014-2016 thousand US$)","01312","Bananas","2024","2024","1000 USD","267590","E","Estimated value"
"QV","Value of Agricultural Production","050","Bangladesh","152","Gross Production Value (constant 2014-2016 thousand I$)","0115","Barley","2024","2024","1000 Int$","38","E","Estimated value"
"QV","Value of Agricultural Production","050","Bangladesh","56","Gross Production Value (current thousand SLC)","0115","Barley","2024","2024","1000 SLC","8182","E","Estimated value"
"QV","Value of Agricultural Production","050","Bangladesh","55","Gross Production Value (constant 2014-2016 thousand SLC)","0115","Barley","2024","2024","1000 SLC","6566","E","Estimated value"
"QV","Value of Agricultural Production","050","Bangladesh","57","Gross Production Value (current thousand US$)","0115","Barley","2024","2024","1000 USD","71","E","Estimated value"
"QV","Value of Agricultural Production","050","Bangladesh","58","Gross Production Value (constant 2014-2016 thousand US$)","0115","Barley","2024","2024","1000 USD","84","E","Estimated value"
"QV","Value of Agricultural Production","050","Bangladesh","152","Gross Production Value (constant 2014-2016 thousand I$)","01701","Beans, dry","2024","2024","1000 Int$","63971","E","Estimated value"
"QV","Value of Agricultural Production","050","Bangladesh","56","Gross Production Value (current thousand SLC)","01701","Beans, dry","2024","2024","1000 SLC","3776981","E","Estimated value"
"QV","Value of Agricultural Production","050","Bangladesh","55","Gross Production Value (constant 2014-2016 thousand SLC)","01701","Beans, dry","2024","2024","1000 SLC","3003174","E","Estimated value"
"QV","Value of Agricultural Production","050","Bangladesh","57","Gross Production Value (current thousand US$)","01701","Beans, dry","2024","2024","1000 USD","32672","E","Estimated value"
"QV","Value of Agricultural Production","050","Bangladesh","58","Gross Production Value (constant 2014-2016 thousand US$)","01701","Beans, dry","2024","2024","1000 USD","38455","E","Estimated value"
"QV","Value of Agricultural Production","050","Bangladesh","152","Gross Production Value (constant 2014-2016 thousand I$)","01212","Cabbages","2024","2024","1000 Int$","102401","E","Estimated value"
"QV","Value of Agricultural Production","050","Bangladesh","56","Gross Production Value (current thousand SLC)","01212","Cabbages","2024","2024","1000 SLC","8962556","E","Estimated value"
"QV","Value of Agricultural Production","050","Bangladesh","55","Gross Production Value (constant 2014-2016 thousand SLC)","01212","Cabbages","2024","2024","1000 SLC","4485737","E","Estimated value"
"QV","Value of Agricultural Production","050","Bangladesh","57","Gross Production Value (current thousand US$)","01212","Cabbages","2024","2024","1000 USD","77528","E","Estimated value"
"QV","Value of Agricultural Production","050","Bangladesh","58","Gross Production Value (constant 2014-2016 thousand US$)","01212","Cabbages","2024","2024","1000 USD","57421","E","Estimated value"
"QV","Value of Agricultural Production","050","Bangladesh","152","Gross Production Value (constant 2014-2016 thousand I$)","01229","Cantaloupes and other melons","2024","2024","1000 Int$","150098","E","Estimated value"
"QV","Value of Agricultural Production","050","Bangladesh","56","Gross Production Value (current thousand SLC)","01229","Cantaloupes and other melons","2024","2024","1000 SLC","4545311","E","Estimated value"
"QV","Value of Agricultural Production","050","Bangladesh","55","Gross Production Value (constant 2014-2016 thousand SLC)","01229","Cantaloupes and other melons","2024","2024","1000 SLC","4054840","E","Estimated value"
"QV","Value of Agricultural Production","050","Bangladesh","57","Gross Production Value (current thousand US$)","01229","Cantaloupes and other melons","2024","2024","1000 USD","39318","E","Estimated value"
"QV","Value of Agricultural Production","050","Bangladesh","58","Gross Production Value (constant 2014-2016 thousand US$)","01229","Cantaloupes and other melons","2024","2024","1000 USD","51922","E","Estimated value"
"QV","Value of Agricultural Production","050","Bangladesh","152","Gross Production Value (constant 2014-2016 thousand I$)","01251","Carrots and turnips","2024","2024","1000 Int$","12632","E","Estimated value"
"QV","Value of Agricultural Production","050","Bangladesh","152","Gross Production Value (constant 2014-2016 thousand I$)","01447","Castor oil seeds","2024","2024","1000 Int$","138","E","Estimated value"
"QV","Value of Agricultural Production","050","Bangladesh","56","Gross Production Value (current thousand SLC)","01447","Castor oil seeds","2024","2024","1000 SLC","7961","E","Estimated value"
"QV","Value of Agricultural Production","050","Bangladesh","55","Gross Production Value (constant 2014-2016 thousand SLC)","01447","Castor oil seeds","2024","2024","1000 SLC","6862","E","Estimated value"
"QV","Value of Agricultural Production","050","Bangladesh","57","Gross Production Value (current thousand US$)","01447","Castor oil seeds","2024","2024","1000 USD","69","E","Estimated value"
"QV","Value of Agricultural Production","050","Bangladesh","58","Gross Production Value (constant 2014-2016 thousand US$)","01447","Castor oil seeds","2024","2024","1000 USD","88","E","Estimated value"
"QV","Value of Agricultural Production","050","Bangladesh","152","Gross Production Value (constant 2014-2016 thousand I$)","01213","Cauliflowers and broccoli","2024","2024","1000 Int$","201640","E","Estimated value"
"QV","Value of Agricultural Production","050","Bangladesh","56","Gross Production Value (current thousand SLC)","01213","Cauliflowers and broccoli","2024","2024","1000 SLC","11268098","E","Estimated value"
"QV","Value of Agricultural Production","050","Bangladesh","55","Gross Production Value (constant 2014-2016 thousand SLC)","01213","Cauliflowers and broccoli","2024","2024","1000 SLC","5948375","E","Estimated value"
"QV","Value of Agricultural Production","050","Bangladesh","57","Gross Production Value (current thousand US$)","01213","Cauliflowers and broccoli","2024","2024","1000 USD","97472","E","Estimated value"
"QV","Value of Agricultural Production","050","Bangladesh","58","Gross Production Value (constant 2014-2016 thousand US$)","01213","Cauliflowers and broccoli","2024","2024","1000 USD","76112","E","Estimated value"
"QV","Value of Agricultural Production","050","Bangladesh","152","Gross Production Value (constant 2014-2016 thousand I$)","01703","Chick peas, dry","2024","2024","1000 Int$","3517","E","Estimated value"
"QV","Value of Agricultural Production","050","Bangladesh","56","Gross Production Value (current thousand SLC)","01703","Chick peas, dry","2024","2024","1000 SLC","389078","E","Estimated value"
"QV","Value of Agricultural Production","050","Bangladesh","55","Gross Production Value (constant 2014-2016 thousand SLC)","01703","Chick peas, dry","2024","2024","1000 SLC","274979","E","Estimated value"
"QV","Value of Agricultural Production","050","Bangladesh","57","Gross Production Value (current thousand US$)","01703","Chick peas, dry","2024","2024","1000 USD","3366","E","Estimated value"
"QV","Value of Agricultural Production","050","Bangladesh","58","Gross Production Value (constant 2014-2016 thousand US$)","01703","Chick peas, dry","2024","2024","1000 USD","3518","E","Estimated value"
"QV","Value of Agricultural Production","050","Bangladesh","152","Gross Production Value (constant 2014-2016 thousand I$)","01652","Chillies and peppers, dry (Capsicum spp., Pimenta spp.), raw","2024","2024","1000 Int$","437424","E","Estimated value"
"QV","Value of Agricultural Production","050","Bangladesh","56","Gross Production Value (current thousand SLC)","01652","Chillies and peppers, dry (Capsicum spp., Pimenta spp.), raw","2024","2024","1000 SLC","86069952","E","Estimated value"
"QV","Value of Agricultural Production","050","Bangladesh","55","Gross Production Value (constant 2014-2016 thousand SLC)","01652","Chillies and peppers, dry (Capsicum spp., Pimenta spp.), raw","2024","2024","1000 SLC","43341874","E","Estimated value"
"QV","Value of Agricultural Production","050","Bangladesh","57","Gross Production Value (current thousand US$)","01652","Chillies and peppers, dry (Capsicum spp., Pimenta spp.), raw","2024","2024","1000 USD","744526","E","Estimated value"
"QV","Value of Agricultural Production","050","Bangladesh","58","Gross Production Value (constant 2014-2016 thousand US$)","01652","Chillies and peppers, dry (Capsicum spp., Pimenta spp.), raw","2024","2024","1000 USD","554990","E","Estimated value"
"QV","Value of Agricultural Production","050","Bangladesh","152","Gross Production Value (constant 2014-2016 thousand I$)","01460","Coconuts, in shell","2024","2024","1000 Int$","65347","E","Estimated value"
"QV","Value of Agricultural Production","050","Bangladesh","56","Gross Production Value (current thousand SLC)","01460","Coconuts, in shell","2024","2024","1000 SLC","5662262","E","Estimated value"
"QV","Value of Agricultural Production","050","Bangladesh","55","Gross Production Value (constant 2014-2016 thousand SLC)","01460","Coconuts, in shell","2024","2024","1000 SLC","6713861","E","Estimated value"
"QV","Value of Agricultural Production","050","Bangladesh","57","Gross Production Value (current thousand US$)","01460","Coconuts, in shell","2024","2024","1000 USD","48980","E","Estimated value"
"QV","Value of Agricultural Production","050","Bangladesh","58","Gross Production Value (constant 2014-2016 thousand US$)","01460","Coconuts, in shell","2024","2024","1000 USD","85971","E","Estimated value"
"QV","Value of Agricultural Production","050","Bangladesh","152","Gross Production Value (constant 2014-2016 thousand I$)","01232","Cucumbers and gherkins","2024","2024","1000 Int$","70816","E","Estimated value"
"QV","Value of Agricultural Production","050","Bangladesh","56","Gross Production Value (current thousand SLC)","01232","Cucumbers and gherkins","2024","2024","1000 SLC","4780709","E","Estimated value"
"QV","Value of Agricultural Production","050","Bangladesh","55","Gross Production Value (constant 2014-2016 thousand SLC)","01232","Cucumbers and gherkins","2024","2024","1000 SLC","3398315","E","Estimated value"
"QV","Value of Agricultural Production","050","Bangladesh","57","Gross Production Value (current thousand US$)","01232","Cucumbers and gherkins","2024","2024","1000 USD","41354","E","Estimated value"
"QV","Value of Agricultural Production","050","Bangladesh","58","Gross Production Value (constant 2014-2016 thousand US$)","01232","Cucumbers and gherkins","2024","2024","1000 USD","43507","E","Estimated value"
"QV","Value of Agricultural Production","050","Bangladesh","152","Gross Production Value (constant 2014-2016 thousand I$)","01233","Eggplants (aubergines)","2024","2024","1000 Int$","161199","E","Estimated value"
"QV","Value of Agricultural Production","050","Bangladesh","152","Gross Production Value (constant 2014-2016 thousand I$)","0232","Eggs from other birds in shell, fresh, n.e.c.","2024","2024","1000 Int$","956482","E","Estimated value"
"QV","Value of Agricultural Production","050","Bangladesh","56","Gross Production Value (current thousand SLC)","0232","Eggs from other birds in shell, fresh, n.e.c.","2024","2024","1000 SLC","95261560","E","Estimated value"
"QV","Value of Agricultural Production","050","Bangladesh","55","Gross Production Value (constant 2014-2016 thousand SLC)","0232","Eggs from other birds in shell, fresh, n.e.c.","2024","2024","1000 SLC","59091825","E","Estimated value"
"QV","Value of Agricultural Production","050","Bangladesh","57","Gross Production Value (current thousand US$)","0232","Eggs from other birds in shell, fresh, n.e.c.","2024","2024","1000 USD","824036","E","Estimated value"
"QV","Value of Agricultural Production","050","Bangladesh","58","Gross Production Value (constant 2014-2016 thousand US$)","0232","Eggs from other birds in shell, fresh, n.e.c.","2024","2024","1000 USD","756667","E","Estimated value"
"QV","Value of Agricultural Production","050","Bangladesh","152","Gross Production Value (constant 2014-2016 thousand I$)","01657","Ginger, raw","2024","2024","1000 Int$","77125","E","Estimated value"
"QV","Value of Agricultural Production","050","Bangladesh","56","Gross Production Value (current thousand SLC)","01657","Ginger, raw","2024","2024","1000 SLC","8881673","E","Estimated value"
"QV","Value of Agricultural Production","050","Bangladesh","55","Gross Production Value (constant 2014-2016 thousand SLC)","01657","Ginger, raw","2024","2024","1000 SLC","6000291","E","Estimated value"
"QV","Value of Agricultural Production","050","Bangladesh","57","Gross Production Value (current thousand US$)","01657","Ginger, raw","2024","2024","1000 USD","76829","E","Estimated value"
"QV","Value of Agricultural Production","050","Bangladesh","58","Gross Production Value (constant 2014-2016 thousand US$)","01657","Ginger, raw","2024","2024","1000 USD","76868","E","Estimated value"
"QV","Value of Agricultural Production","050","Bangladesh","152","Gross Production Value (constant 2014-2016 thousand I$)","01252","Green garlic","2024","2024","1000 Int$","381181","E","Estimated value"
"QV","Value of Agricultural Production","050","Bangladesh","56","Gross Production Value (current thousand SLC)","01252","Green garlic","2024","2024","1000 SLC","49012835","E","Estimated value"
"QV","Value of Agricultural Production","050","Bangladesh","55","Gross Production Value (constant 2014-2016 thousand SLC)","01252","Green garlic","2024","2024","1000 SLC","38459889","E","Estimated value"
"QV","Value of Agricultural Production","050","Bangladesh","57","Gross Production Value (current thousand US$)","01252","Green garlic","2024","2024","1000 USD","423973","E","Estimated value"
"QV","Value of Agricultural Production","050","Bangladesh","58","Gross Production Value (constant 2014-2016 thousand US$)","01252","Green garlic","2024","2024","1000 USD","491767","E","Estimated value"
"QV","Value of Agricultural Production","050","Bangladesh","152","Gross Production Value (constant 2014-2016 thousand I$)","0142","Groundnuts, excluding shelled","2024","2024","1000 Int$","54546","E","Estimated value"
"QV","Value of Agricultural Production","050","Bangladesh","56","Gross Production Value (current thousand SLC)","0142","Groundnuts, excluding shelled","2024","2024","1000 SLC","6403664","E","Estimated value"
"QV","Value of Agricultural Production","050","Bangladesh","55","Gross Production Value (constant 2014-2016 thousand SLC)","0142","Groundnuts, excluding shelled","2024","2024","1000 SLC","4867007","E","Estimated value"
"QV","Value of Agricultural Production","050","Bangladesh","57","Gross Production Value (current thousand US$)","0142","Groundnuts, excluding shelled","2024","2024","1000 USD","55393","E","Estimated value"
"QV","Value of Agricultural Production","050","Bangladesh","58","Gross Production Value (constant 2014-2016 thousand US$)","0142","Groundnuts, excluding shelled","2024","2024","1000 USD","62316","E","Estimated value"
"QV","Value of Agricultural Production","050","Bangladesh","152","Gross Production Value (constant 2014-2016 thousand I$)","0231","Hen eggs in shell, fresh","2024","2024","1000 Int$","1178705","E","Estimated value"
"QV","Value of Agricultural Production","050","Bangladesh","56","Gross Production Value (current thousand SLC)","0231","Hen eggs in shell, fresh","2024","2024","1000 SLC","260214910","E","Estimated value"
"QV","Value of Agricultural Production","050","Bangladesh","55","Gross Production Value (constant 2014-2016 thousand SLC)","0231","Hen eggs in shell, fresh","2024","2024","1000 SLC","162426853","E","Estimated value"
"QV","Value of Agricultural Production","050","Bangladesh","57","Gross Production Value (current thousand US$)","0231","Hen eggs in shell, fresh","2024","2024","1000 USD","2250923","E","Estimated value"
"QV","Value of Agricultural Production","050","Bangladesh","58","Gross Production Value (constant 2014-2016 thousand US$)","0231","Hen eggs in shell, fresh","2024","2024","1000 USD","2079865","E","Estimated value"
"QV","Value of Agricultural Production","050","Bangladesh","152","Gross Production Value (constant 2014-2016 thousand I$)","01922.01","Jute, raw or retted","2024","2024","1000 Int$","973350","E","Estimated value"
"QV","Value of Agricultural Production","050","Bangladesh","56","Gross Production Value (current thousand SLC)","01922.01","Jute, raw or retted","2024","2024","1000 SLC","125094641","E","Estimated value"
"QV","Value of Agricultural Production","050","Bangladesh","55","Gross Production Value (constant 2014-2016 thousand SLC)","01922.01","Jute, raw or retted","2024","2024","1000 SLC","59421451","E","Estimated value"
"QV","Value of Agricultural Production","050","Bangladesh","57","Gross Production Value (current thousand US$)","01922.01","Jute, raw or retted","2024","2024","1000 USD","1082099","E","Estimated value"
"QV","Value of Agricultural Production","050","Bangladesh","58","Gross Production Value (constant 2014-2016 thousand US$)","01922.01","Jute, raw or retted","2024","2024","1000 USD","760903","E","Estimated value"
"QV","Value of Agricultural Production","050","Bangladesh","152","Gross Production Value (constant 2014-2016 thousand I$)","01922.02","Kenaf, and other textile bast fibres, raw or retted","2024","2024","1000 Int$","134","E","Estimated value"
"QV","Value of Agricultural Production","050","Bangladesh","56","Gross Production Value (current thousand SLC)","01922.02","Kenaf, and other textile bast fibres, raw or retted","2024","2024","1000 SLC","31028","E","Estimated value"
"QV","Value of Agricultural Production","050","Bangladesh","55","Gross Production Value (constant 2014-2016 thousand SLC)","01922.02","Kenaf, and other textile bast fibres, raw or retted","2024","2024","1000 SLC","9575","E","Estimated value"
"QV","Value of Agricultural Production","050","Bangladesh","57","Gross Production Value (current thousand US$)","01922.02","Kenaf, and other textile bast fibres, raw or retted","2024","2024","1000 USD","268","E","Estimated value"
"QV","Value of Agricultural Production","050","Bangladesh","58","Gross Production Value (constant 2014-2016 thousand US$)","01922.02","Kenaf, and other textile bast fibres, raw or retted","2024","2024","1000 USD","123","E","Estimated value"
"QV","Value of Agricultural Production","050","Bangladesh","152","Gross Production Value (constant 2014-2016 thousand I$)","01322","Lemons and limes","2024","2024","1000 Int$","61704","E","Estimated value"
"QV","Value of Agricultural Production","050","Bangladesh","56","Gross Production Value (current thousand SLC)","01322","Lemons and limes","2024","2024","1000 SLC","6562154","E","Estimated value"
"QV","Value of Agricultural Production","050","Bangladesh","55","Gross Production Value (constant 2014-2016 thousand SLC)","01322","Lemons and limes","2024","2024","1000 SLC","5114328","E","Estimated value"
"QV","Value of Agricultural Production","050","Bangladesh","57","Gross Production Value (current thousand US$)","01322","Lemons and limes","2024","2024","1000 USD","56764","E","Estimated value"
"QV","Value of Agricultural Production","050","Bangladesh","58","Gross Production Value (constant 2014-2016 thousand US$)","01322","Lemons and limes","2024","2024","1000 USD","65489","E","Estimated value"
"QV","Value of Agricultural Production","050","Bangladesh","152","Gross Production Value (constant 2014-2016 thousand I$)","01704","Lentils, dry","2024","2024","1000 Int$","126255","E","Estimated value"
"QV","Value of Agricultural Production","050","Bangladesh","56","Gross Production Value (current thousand SLC)","01704","Lentils, dry","2024","2024","1000 SLC","15949832","E","Estimated value"
"QV","Value of Agricultural Production","050","Bangladesh","55","Gross Production Value (constant 2014-2016 thousand SLC)","01704","Lentils, dry","2024","2024","1000 SLC","14699322","E","Estimated value"
"QV","Value of Agricultural Production","050","Bangladesh","57","Gross Production Value (current thousand US$)","01704","Lentils, dry","2024","2024","1000 USD","137970","E","Estimated value"
"QV","Value of Agricultural Production","050","Bangladesh","58","Gross Production Value (constant 2014-2016 thousand US$)","01704","Lentils, dry","2024","2024","1000 USD","188168","E","Estimated value"
"QV","Value of Agricultural Production","050","Bangladesh","152","Gross Production Value (constant 2014-2016 thousand I$)","01441","Linseed","2024","2024","1000 Int$","1422","E","Estimated value"
"QV","Value of Agricultural Production","050","Bangladesh","56","Gross Production Value (current thousand SLC)","01441","Linseed","2024","2024","1000 SLC","210235","E","Estimated value"
"QV","Value of Agricultural Production","050","Bangladesh","55","Gross Production Value (constant 2014-2016 thousand SLC)","01441","Linseed","2024","2024","1000 SLC","165457","E","Estimated value"
"QV","Value of Agricultural Production","050","Bangladesh","57","Gross Production Value (current thousand US$)","01441","Linseed","2024","2024","1000 USD","1819","E","Estimated value"
"QV","Value of Agricultural Production","050","Bangladesh","58","Gross Production Value (constant 2014-2016 thousand US$)","01441","Linseed","2024","2024","1000 USD","2119","E","Estimated value"
"QV","Value of Agricultural Production","050","Bangladesh","152","Gross Production Value (constant 2014-2016 thousand I$)","0112","Maize (corn)","2024","2024","1000 Int$","921863","E","Estimated value"
"QV","Value of Agricultural Production","050","Bangladesh","56","Gross Production Value (current thousand SLC)","0112","Maize (corn)","2024","2024","1000 SLC","89668827","E","Estimated value"
"QV","Value of Agricultural Production","050","Bangladesh","55","Gross Production Value (constant 2014-2016 thousand SLC)","0112","Maize (corn)","2024","2024","1000 SLC","75026272","E","Estimated value"
"QV","Value of Agricultural Production","050","Bangladesh","57","Gross Production Value (current thousand US$)","0112","Maize (corn)","2024","2024","1000 USD","775657","E","Estimated value"
"QV","Value of Agricultural Production","050","Bangladesh","58","Gross Production Value (constant 2014-2016 thousand US$)","0112","Maize (corn)","2024","2024","1000 USD","960840","E","Estimated value"
"QV","Value of Agricultural Production","050","Bangladesh","152","Gross Production Value (constant 2014-2016 thousand I$)","01316","Mangoes, guavas and mangosteens","2024","2024","1000 Int$","1319893","E","Estimated value"
"QV","Value of Agricultural Production","050","Bangladesh","56","Gross Production Value (current thousand SLC)","01316","Mangoes, guavas and mangosteens","2024","2024","1000 SLC","68834450","E","Estimated value"
"QV","Value of Agricultural Production","050","Bangladesh","55","Gross Production Value (constant 2014-2016 thousand SLC)","01316","Mangoes, guavas and mangosteens","2024","2024","1000 SLC","63509319","E","Estimated value"
"QV","Value of Agricultural Production","050","Bangladesh","57","Gross Production Value (current thousand US$)","01316","Mangoes, guavas and mangosteens","2024","2024","1000 USD","595435","E","Estimated value"
"QV","Value of Agricultural Production","050","Bangladesh","58","Gross Production Value (constant 2014-2016 thousand US$)","01316","Mangoes, guavas and mangosteens","2024","2024","1000 USD","813347","E","Estimated value"
"QV","Value of Agricultural Production","050","Bangladesh","152","Gross Production Value (constant 2014-2016 thousand I$)","21112i","Meat of buffalo, fresh or chilled (indigenous)","2024","2024","1000 Int$","22749","E","Estimated value"
"QV","Value of Agricultural Production","050","Bangladesh","56","Gross Production Value (current thousand SLC)","21112i","Meat of buffalo, fresh or chilled (indigenous)","2024","2024","1000 SLC","794431","E","Estimated value"
"QV","Value of Agricultural Production","050","Bangladesh","55","Gross Production Value (constant 2014-2016 thousand SLC)","21112i","Meat of buffalo, fresh or chilled (indigenous)","2024","2024","1000 SLC","650921","E","Estimated value"
"QV","Value of Agricultural Production","050","Bangladesh","57","Gross Production Value (current thousand US$)","21112i","Meat of buffalo, fresh or chilled (indigenous)","2024","2024","1000 USD","6872","E","Estimated value"
"QV","Value of Agricultural Production","050","Bangladesh","58","Gross Production Value (constant 2014-2016 thousand US$)","21112i","Meat of buffalo, fresh or chilled (indigenous)","2024","2024","1000 USD","8335","E","Estimated value"
"QV","Value of Agricultural Production","050","Bangladesh","152","Gross Production Value (constant 2014-2016 thousand I$)","21111.01i","Meat of cattle with the bone, fresh or chilled (indigenous)","2024","2024","1000 Int$","880882","E","Estimated value"
"QV","Value of Agricultural Production","050","Bangladesh","56","Gross Production Value (current thousand SLC)","21111.01i","Meat of cattle with the bone, fresh or chilled (indigenous)","2024","2024","1000 SLC","24874632","E","Estimated value"
"QV","Value of Agricultural Production","050","Bangladesh","55","Gross Production Value (constant 2014-2016 thousand SLC)","21111.01i","Meat of cattle with the bone, fresh or chilled (indigenous)","2024","2024","1000 SLC","20292039","E","Estimated value"
"QV","Value of Agricultural Production","050","Bangladesh","57","Gross Production Value (current thousand US$)","21111.01i","Meat of cattle with the bone, fresh or chilled (indigenous)","2024","2024","1000 USD","215172","E","Estimated value"
"QV","Value of Agricultural Production","050","Bangladesh","58","Gross Production Value (constant 2014-2016 thousand US$)","21111.01i","Meat of cattle with the bone, fresh or chilled (indigenous)","2024","2024","1000 USD","259838","E","Estimated value"
"QV","Value of Agricultural Production","050","Bangladesh","152","Gross Production Value (constant 2014-2016 thousand I$)","21121i","Meat of chickens, fresh or chilled (indigenous)","2024","2024","1000 Int$","442272","E","Estimated value"
"QV","Value of Agricultural Production","050","Bangladesh","56","Gross Production Value (current thousand SLC)","21121i","Meat of chickens, fresh or chilled (indigenous)","2024","2024","1000 SLC","28201829","E","Estimated value"
"QV","Value of Agricultural Production","050","Bangladesh","55","Gross Production Value (constant 2014-2016 thousand SLC)","21121i","Meat of chickens, fresh or chilled (indigenous)","2024","2024","1000 SLC","22819787","E","Estimated value"
"QV","Value of Agricultural Production","050","Bangladesh","57","Gross Production Value (current thousand US$)","21121i","Meat of chickens, fresh or chilled (indigenous)","2024","2024","1000 USD","243953","E","Estimated value"
"QV","Value of Agricultural Production","050","Bangladesh","58","Gross Production Value (constant 2014-2016 thousand US$)","21121i","Meat of chickens, fresh or chilled (indigenous)","2024","2024","1000 USD","292206","E","Estimated value"
"QV","Value of Agricultural Production","050","Bangladesh","152","Gross Production Value (constant 2014-2016 thousand I$)","21122i","Meat of ducks, fresh or chilled (indigenous)","2024","2024","1000 Int$","152779","E","Estimated value"
"QV","Value of Agricultural Production","050","Bangladesh","56","Gross Production Value (current thousand SLC)","21122i","Meat of ducks, fresh or chilled (indigenous)","2024","2024","1000 SLC","5968808","E","Estimated value"
"QV","Value of Agricultural Production","050","Bangladesh","55","Gross Production Value (constant 2014-2016 thousand SLC)","21122i","Meat of ducks, fresh or chilled (indigenous)","2024","2024","1000 SLC","4804396","E","Estimated value"
"QV","Value of Agricultural Production","050","Bangladesh","57","Gross Production Value (current thousand US$)","21122i","Meat of ducks, fresh or chilled (indigenous)","2024","2024","1000 USD","51632","E","Estimated value"
"QV","Value of Agricultural Production","050","Bangladesh","58","Gross Production Value (constant 2014-2016 thousand US$)","21122i","Meat of ducks, fresh or chilled (indigenous)","2024","2024","1000 USD","61520","E","Estimated value"
"QV","Value of Agricultural Production","050","Bangladesh","152","Gross Production Value (constant 2014-2016 thousand I$)","21116i","Meat of goat, fresh or chilled (indigenous)","2024","2024","1000 Int$","1336669","E","Estimated value"
"QV","Value of Agricultural Production","050","Bangladesh","56","Gross Production Value (current thousand SLC)","21116i","Meat of goat, fresh or chilled (indigenous)","2024","2024","1000 SLC","42558409","E","Estimated value"
"QV","Value of Agricultural Production","050","Bangladesh","55","Gross Production Value (constant 2014-2016 thousand SLC)","21116i","Meat of goat, fresh or chilled (indigenous)","2024","2024","1000 SLC","36258705","E","Estimated value"
"QV","Value of Agricultural Production","050","Bangladesh","57","Gross Production Value (current thousand US$)","21116i","Meat of goat, fresh or chilled (indigenous)","2024","2024","1000 USD","368141","E","Estimated value"
"QV","Value of Agricultural Production","050","Bangladesh","58","Gross Production Value (constant 2014-2016 thousand US$)","21116i","Meat of goat, fresh or chilled (indigenous)","2024","2024","1000 USD","464290","E","Estimated value"
"QV","Value of Agricultural Production","050","Bangladesh","152","Gross Production Value (constant 2014-2016 thousand I$)","21115i","Meat of sheep, fresh or chilled (indigenous)","2024","2024","1000 Int$","29499","E","Estimated value"
"QV","Value of Agricultural Production","050","Bangladesh","56","Gross Production Value (current thousand SLC)","21115i","Meat of sheep, fresh or chilled (indigenous)","2024","2024","1000 SLC","1249510","E","Estimated value"
"QV","Value of Agricultural Production","050","Bangladesh","55","Gross Production Value (constant 2014-2016 thousand SLC)","21115i","Meat of sheep, fresh or chilled (indigenous)","2024","2024","1000 SLC","1013389","E","Estimated value"
"QV","Value of Agricultural Production","050","Bangladesh","57","Gross Production Value (current thousand US$)","21115i","Meat of sheep, fresh or chilled (indigenous)","2024","2024","1000 USD","10809","E","Estimated value"
"QV","Value of Agricultural Production","050","Bangladesh","58","Gross Production Value (constant 2014-2016 thousand US$)","21115i","Meat of sheep, fresh or chilled (indigenous)","2024","2024","1000 USD","12976","E","Estimated value"
"QV","Value of Agricultural Production","050","Bangladesh","152","Gross Production Value (constant 2014-2016 thousand I$)","0118","Millet","2024","2024","1000 Int$","3719","E","Estimated value"
"QV","Value of Agricultural Production","050","Bangladesh","56","Gross Production Value (current thousand SLC)","0118","Millet","2024","2024","1000 SLC","157319","E","Estimated value"
"QV","Value of Agricultural Production","050","Bangladesh","55","Gross Production Value (constant 2014-2016 thousand SLC)","0118","Millet","2024","2024","1000 SLC","128092","E","Estimated value"
"QV","Value of Agricultural Production","050","Bangladesh","57","Gross Production Value (current thousand US$)","0118","Millet","2024","2024","1000 USD","1361","E","Estimated value"
"QV","Value of Agricultural Production","050","Bangladesh","58","Gross Production Value (constant 2014-2016 thousand US$)","0118","Millet","2024","2024","1000 USD","1640","E","Estimated value"
"QV","Value of Agricultural Production","050","Bangladesh","152","Gross Production Value (constant 2014-2016 thousand I$)","01950.01","Natural rubber in primary forms","2024","2024","1000 Int$","28908","E","Estimated value"
"QV","Value of Agricultural Production","050","Bangladesh","56","Gross Production Value (current thousand SLC)","01950.01","Natural rubber in primary forms","2024","2024","1000 SLC","955777","E","Estimated value"
"QV","Value of Agricultural Production","050","Bangladesh","55","Gross Production Value (constant 2014-2016 thousand SLC)","01950.01","Natural rubber in primary forms","2024","2024","1000 SLC","780966","E","Estimated value"
"QV","Value of Agricultural Production","050","Bangladesh","57","Gross Production Value (current thousand US$)","01950.01","Natural rubber in primary forms","2024","2024","1000 USD","8268","E","Estimated value"
"QV","Value of Agricultural Production","050","Bangladesh","58","Gross Production Value (constant 2014-2016 thousand US$)","01950.01","Natural rubber in primary forms","2024","2024","1000 USD","10000","E","Estimated value"
"QV","Value of Agricultural Production","050","Bangladesh","152","Gross Production Value (constant 2014-2016 thousand I$)","01239.01","Okra","2024","2024","1000 Int$","93716","E","Estimated value"
"QV","Value of Agricultural Production","050","Bangladesh","152","Gross Production Value (constant 2014-2016 thousand I$)","01253.02","Onions and shallots, dry (excluding dehydrated)","2024","2024","1000 Int$","1214934","E","Estimated value"
"QV","Value of Agricultural Production","050","Bangladesh","56","Gross Production Value (current thousand SLC)","01253.02","Onions and shallots, dry (excluding dehydrated)","2024","2024","1000 SLC","148689234","E","Estimated value"
"QV","Value of Agricultural Production","050","Bangladesh","55","Gross Production Value (constant 2014-2016 thousand SLC)","01253.02","Onions and shallots, dry (excluding dehydrated)","2024","2024","1000 SLC","88978490","E","Estimated value"
"QV","Value of Agricultural Production","050","Bangladesh","57","Gross Production Value (current thousand US$)","01253.02","Onions and shallots, dry (excluding dehydrated)","2024","2024","1000 USD","1286198","E","Estimated value"
"QV","Value of Agricultural Production","050","Bangladesh","58","Gross Production Value (constant 2014-2016 thousand US$)","01253.02","Onions and shallots, dry (excluding dehydrated)","2024","2024","1000 USD","1140197","E","Estimated value"
"QV","Value of Agricultural Production","050","Bangladesh","152","Gross Production Value (constant 2014-2016 thousand I$)","01323","Oranges","2024","2024","1000 Int$","1290","E","Estimated value"
"QV","Value of Agricultural Production","050","Bangladesh","56","Gross Production Value (current thousand SLC)","01323","Oranges","2024","2024","1000 SLC","53096","E","Estimated value"
"QV","Value of Agricultural Production","050","Bangladesh","55","Gross Production Value (constant 2014-2016 thousand SLC)","01323","Oranges","2024","2024","1000 SLC","48849","E","Estimated value"
"QV","Value of Agricultural Production","050","Bangladesh","57","Gross Production Value (current thousand US$)","01323","Oranges","2024","2024","1000 USD","459","E","Estimated value"
"QV","Value of Agricultural Production","050","Bangladesh","58","Gross Production Value (constant 2014-2016 thousand US$)","01323","Oranges","2024","2024","1000 USD","626","E","Estimated value"
"QV","Value of Agricultural Production","050","Bangladesh","152","Gross Production Value (constant 2014-2016 thousand I$)","01241.90","Other beans, green","2024","2024","1000 Int$","71642","E","Estimated value"
"QV","Value of Agricultural Production","050","Bangladesh","56","Gross Production Value (current thousand SLC)","01241.90","Other beans, green","2024","2024","1000 SLC","7633806","E","Estimated value"
"QV","Value of Agricultural Production","050","Bangladesh","55","Gross Production Value (constant 2014-2016 thousand SLC)","01241.90","Other beans, green","2024","2024","1000 SLC","5614518","E","Estimated value"
"QV","Value of Agricultural Production","050","Bangladesh","57","Gross Production Value (current thousand US$)","01241.90","Other beans, green","2024","2024","1000 USD","66034","E","Estimated value"
"QV","Value of Agricultural Production","050","Bangladesh","58","Gross Production Value (constant 2014-2016 thousand US$)","01241.90","Other beans, green","2024","2024","1000 USD","71810","E","Estimated value"
"QV","Value of Agricultural Production","050","Bangladesh","152","Gross Production Value (constant 2014-2016 thousand I$)","01355.90","Other berries and fruits of the genus vaccinium n.e.c.","2024","2024","1000 Int$","126241","E","Estimated value"
"QV","Value of Agricultural Production","050","Bangladesh","56","Gross Production Value (current thousand SLC)","01355.90","Other berries and fruits of the genus vaccinium n.e.c.","2024","2024","1000 SLC","5147543","E","Estimated value"
"QV","Value of Agricultural Production","050","Bangladesh","55","Gross Production Value (constant 2014-2016 thousand SLC)","01355.90","Other berries and fruits of the genus vaccinium n.e.c.","2024","2024","1000 SLC","4419948","E","Estimated value"
"QV","Value of Agricultural Production","050","Bangladesh","57","Gross Production Value (current thousand US$)","01355.90","Other berries and fruits of the genus vaccinium n.e.c.","2024","2024","1000 USD","44528","E","Estimated value"
"QV","Value of Agricultural Production","050","Bangladesh","58","Gross Production Value (constant 2014-2016 thousand US$)","01355.90","Other berries and fruits of the genus vaccinium n.e.c.","2024","2024","1000 USD","56597","E","Estimated value"
"QV","Value of Agricultural Production","050","Bangladesh","152","Gross Production Value (constant 2014-2016 thousand I$)","01929.90","Other fibre crops, raw, n.e.c.","2024","2024","1000 Int$","159","E","Estimated value"
"QV","Value of Agricultural Production","050","Bangladesh","56","Gross Production Value (current thousand SLC)","01929.90","Other fibre crops, raw, n.e.c.","2024","2024","1000 SLC","49522","E","Estimated value"
"QV","Value of Agricultural Production","050","Bangladesh","55","Gross Production Value (constant 2014-2016 thousand SLC)","01929.90","Other fibre crops, raw, n.e.c.","2024","2024","1000 SLC","15296","E","Estimated value"
"QV","Value of Agricultural Production","050","Bangladesh","57","Gross Production Value (current thousand US$)","01929.90","Other fibre crops, raw, n.e.c.","2024","2024","1000 USD","428","E","Estimated value"
"QV","Value of Agricultural Production","050","Bangladesh","58","Gross Production Value (constant 2014-2016 thousand US$)","01929.90","Other fibre crops, raw, n.e.c.","2024","2024","1000 USD","196","E","Estimated value"
"QV","Value of Agricultural Production","050","Bangladesh","152","Gross Production Value (constant 2014-2016 thousand I$)","01359.90","Other fruits, n.e.c.","2024","2024","1000 Int$","385704","E","Estimated value"
"QV","Value of Agricultural Production","050","Bangladesh","56","Gross Production Value (current thousand SLC)","01359.90","Other fruits, n.e.c.","2024","2024","1000 SLC","14228694","E","Estimated value"
"QV","Value of Agricultural Production","050","Bangladesh","55","Gross Production Value (constant 2014-2016 thousand SLC)","01359.90","Other fruits, n.e.c.","2024","2024","1000 SLC","12052098","E","Estimated value"
"QV","Value of Agricultural Production","050","Bangladesh","57","Gross Production Value (current thousand US$)","01359.90","Other fruits, n.e.c.","2024","2024","1000 USD","123082","E","Estimated value"
"QV","Value of Agricultural Production","050","Bangladesh","58","Gross Production Value (constant 2014-2016 thousand US$)","01359.90","Other fruits, n.e.c.","2024","2024","1000 USD","154326","E","Estimated value"
"QV","Value of Agricultural Production","050","Bangladesh","152","Gross Production Value (constant 2014-2016 thousand I$)","21119.90","Other meat of mammals, fresh or chilled","2024","2024","1000 Int$","26208","E","Estimated value"
"QV","Value of Agricultural Production","050","Bangladesh","152","Gross Production Value (constant 2014-2016 thousand I$)","01449.90","Other oil seeds, n.e.c.","2024","2024","1000 Int$","1757","E","Estimated value"
"QV","Value of Agricultural Production","050","Bangladesh","56","Gross Production Value (current thousand SLC)","01449.90","Other oil seeds, n.e.c.","2024","2024","1000 SLC","120421","E","Estimated value"
"QV","Value of Agricultural Production","050","Bangladesh","55","Gross Production Value (constant 2014-2016 thousand SLC)","01449.90","Other oil seeds, n.e.c.","2024","2024","1000 SLC","104079","E","Estimated value"
"QV","Value of Agricultural Production","050","Bangladesh","57","Gross Production Value (current thousand US$)","01449.90","Other oil seeds, n.e.c.","2024","2024","1000 USD","1042","E","Estimated value"
"QV","Value of Agricultural Production","050","Bangladesh","58","Gross Production Value (constant 2014-2016 thousand US$)","01449.90","Other oil seeds, n.e.c.","2024","2024","1000 USD","1333","E","Estimated value"
"QV","Value of Agricultural Production","050","Bangladesh","152","Gross Production Value (constant 2014-2016 thousand I$)","01709.90","Other pulses n.e.c.","2024","2024","1000 Int$","357774","E","Estimated value"
"QV","Value of Agricultural Production","050","Bangladesh","56","Gross Production Value (current thousand SLC)","01709.90","Other pulses n.e.c.","2024","2024","1000 SLC","15101531","E","Estimated value"
"QV","Value of Agricultural Production","050","Bangladesh","55","Gross Production Value (constant 2014-2016 thousand SLC)","01709.90","Other pulses n.e.c.","2024","2024","1000 SLC","12553230","E","Estimated value"
"QV","Value of Agricultural Production","050","Bangladesh","57","Gross Production Value (current thousand US$)","01709.90","Other pulses n.e.c.","2024","2024","1000 USD","130632","E","Estimated value"
"QV","Value of Agricultural Production","050","Bangladesh","58","Gross Production Value (constant 2014-2016 thousand US$)","01709.90","Other pulses n.e.c.","2024","2024","1000 USD","160743","E","Estimated value"
"QV","Value of Agricultural Production","050","Bangladesh","152","Gross Production Value (constant 2014-2016 thousand I$)","01699","Other stimulant, spice and aromatic crops, n.e.c.","2024","2024","1000 Int$","283436","E","Estimated value"
"QV","Value of Agricultural Production","050","Bangladesh","56","Gross Production Value (current thousand SLC)","01699","Other stimulant, spice and aromatic crops, n.e.c.","2024","2024","1000 SLC","18322559","E","Estimated value"
"QV","Value of Agricultural Production","050","Bangladesh","55","Gross Production Value (constant 2014-2016 thousand SLC)","01699","Other stimulant, spice and aromatic crops, n.e.c.","2024","2024","1000 SLC","14786291","E","Estimated value"
"QV","Value of Agricultural Production","050","Bangladesh","57","Gross Production Value (current thousand US$)","01699","Other stimulant, spice and aromatic crops, n.e.c.","2024","2024","1000 USD","158495","E","Estimated value"
"QV","Value of Agricultural Production","050","Bangladesh","58","Gross Production Value (constant 2014-2016 thousand US$)","01699","Other stimulant, spice and aromatic crops, n.e.c.","2024","2024","1000 USD","189337","E","Estimated value"
"QV","Value of Agricultural Production","050","Bangladesh","152","Gross Production Value (constant 2014-2016 thousand I$)","01809","Other sugar crops n.e.c.","2024","2024","1000 Int$","9235","E","Estimated value"
"QV","Value of Agricultural Production","050","Bangladesh","56","Gross Production Value (current thousand SLC)","01809","Other sugar crops n.e.c.","2024","2024","1000 SLC","977755","E","Estimated value"
"QV","Value of Agricultural Production","050","Bangladesh","55","Gross Production Value (constant 2014-2016 thousand SLC)","01809","Other sugar crops n.e.c.","2024","2024","1000 SLC","701571","E","Estimated value"
"QV","Value of Agricultural Production","050","Bangladesh","57","Gross Production Value (current thousand US$)","01809","Other sugar crops n.e.c.","2024","2024","1000 USD","8458","E","Estimated value"
"QV","Value of Agricultural Production","050","Bangladesh","58","Gross Production Value (constant 2014-2016 thousand US$)","01809","Other sugar crops n.e.c.","2024","2024","1000 USD","8984","E","Estimated value"
"QV","Value of Agricultural Production","050","Bangladesh","152","Gross Production Value (constant 2014-2016 thousand I$)","01319","Other tropical fruits, n.e.c.","2024","2024","1000 Int$","707536","E","Estimated value"
"QV","Value of Agricultural Production","050","Bangladesh","56","Gross Production Value (current thousand SLC)","01319","Other tropical fruits, n.e.c.","2024","2024","1000 SLC","13956070","E","Estimated value"
"QV","Value of Agricultural Production","050","Bangladesh","55","Gross Production Value (constant 2014-2016 thousand SLC)","01319","Other tropical fruits, n.e.c.","2024","2024","1000 SLC","11803199","E","Estimated value"
"QV","Value of Agricultural Production","050","Bangladesh","57","Gross Production Value (current thousand US$)","01319","Other tropical fruits, n.e.c.","2024","2024","1000 USD","120723","E","Estimated value"
"QV","Value of Agricultural Production","050","Bangladesh","58","Gross Production Value (constant 2014-2016 thousand US$)","01319","Other tropical fruits, n.e.c.","2024","2024","1000 USD","151139","E","Estimated value"
"QV","Value of Agricultural Production","050","Bangladesh","152","Gross Production Value (constant 2014-2016 thousand I$)","01290.90","Other vegetables, fresh n.e.c.","2024","2024","1000 Int$","513171","E","Estimated value"
"QV","Value of Agricultural Production","050","Bangladesh","56","Gross Production Value (current thousand SLC)","01290.90","Other vegetables, fresh n.e.c.","2024","2024","1000 SLC","14985564","E","Estimated value"
"QV","Value of Agricultural Production","050","Bangladesh","55","Gross Production Value (constant 2014-2016 thousand SLC)","01290.90","Other vegetables, fresh n.e.c.","2024","2024","1000 SLC","13934754","E","Estimated value"
"QV","Value of Agricultural Production","050","Bangladesh","57","Gross Production Value (current thousand US$)","01290.90","Other vegetables, fresh n.e.c.","2024","2024","1000 USD","129629","E","Estimated value"
"QV","Value of Agricultural Production","050","Bangladesh","58","Gross Production Value (constant 2014-2016 thousand US$)","01290.90","Other vegetables, fresh n.e.c.","2024","2024","1000 USD","178434","E","Estimated value"
"QV","Value of Agricultural Production","050","Bangladesh","152","Gross Production Value (constant 2014-2016 thousand I$)","01317","Papayas","2024","2024","1000 Int$","51303","E","Estimated value"
"QV","Value of Agricultural Production","050","Bangladesh","56","Gross Production Value (current thousand SLC)","01317","Papayas","2024","2024","1000 SLC","8529589","E","Estimated value"
"QV","Value of Agricultural Production","050","Bangladesh","55","Gross Production Value (constant 2014-2016 thousand SLC)","01317","Papayas","2024","2024","1000 SLC","4791554","E","Estimated value"
"QV","Value of Agricultural Production","050","Bangladesh","57","Gross Production Value (current thousand US$)","01317","Papayas","2024","2024","1000 USD","73783","E","Estimated value"
"QV","Value of Agricultural Production","050","Bangladesh","58","Gross Production Value (constant 2014-2016 thousand US$)","01317","Papayas","2024","2024","1000 USD","61383","E","Estimated value"
"QV","Value of Agricultural Production","050","Bangladesh","152","Gross Production Value (constant 2014-2016 thousand I$)","01705","Peas, dry","2024","2024","1000 Int$","2713","E","Estimated value"
"QV","Value of Agricultural Production","050","Bangladesh","56","Gross Production Value (current thousand SLC)","01705","Peas, dry","2024","2024","1000 SLC","316305","E","Estimated value"
"QV","Value of Agricultural Production","050","Bangladesh","55","Gross Production Value (constant 2014-2016 thousand SLC)","01705","Peas, dry","2024","2024","1000 SLC","319694","E","Estimated value"
"QV","Value of Agricultural Production","050","Bangladesh","57","Gross Production Value (current thousand US$)","01705","Peas, dry","2024","2024","1000 USD","2736","E","Estimated value"
"QV","Value of Agricultural Production","050","Bangladesh","58","Gross Production Value (constant 2014-2016 thousand US$)","01705","Peas, dry","2024","2024","1000 USD","4094","E","Estimated value"
"QV","Value of Agricultural Production","050","Bangladesh","152","Gross Production Value (constant 2014-2016 thousand I$)","01707","Pigeon peas, dry","2024","2024","1000 Int$","284","E","Estimated value"
"QV","Value of Agricultural Production","050","Bangladesh","56","Gross Production Value (current thousand SLC)","01707","Pigeon peas, dry","2024","2024","1000 SLC","9532","E","Estimated value"
"QV","Value of Agricultural Production","050","Bangladesh","55","Gross Production Value (constant 2014-2016 thousand SLC)","01707","Pigeon peas, dry","2024","2024","1000 SLC","7326","E","Estimated value"
"QV","Value of Agricultural Production","050","Bangladesh","57","Gross Production Value (current thousand US$)","01707","Pigeon peas, dry","2024","2024","1000 USD","82","E","Estimated value"
"QV","Value of Agricultural Production","050","Bangladesh","58","Gross Production Value (constant 2014-2016 thousand US$)","01707","Pigeon peas, dry","2024","2024","1000 USD","94","E","Estimated value"
"QV","Value of Agricultural Production","050","Bangladesh","152","Gross Production Value (constant 2014-2016 thousand I$)","01318","Pineapples","2024","2024","1000 Int$","84431","E","Estimated value"
"QV","Value of Agricultural Production","050","Bangladesh","56","Gross Production Value (current thousand SLC)","01318","Pineapples","2024","2024","1000 SLC","3815039","E","Estimated value"
"QV","Value of Agricultural Production","050","Bangladesh","55","Gross Production Value (constant 2014-2016 thousand SLC)","01318","Pineapples","2024","2024","1000 SLC","2813153","E","Estimated value"
"QV","Value of Agricultural Production","050","Bangladesh","57","Gross Production Value (current thousand US$)","01318","Pineapples","2024","2024","1000 USD","33001","E","Estimated value"
"QV","Value of Agricultural Production","050","Bangladesh","58","Gross Production Value (constant 2014-2016 thousand US$)","01318","Pineapples","2024","2024","1000 USD","36022","E","Estimated value"
"QV","Value of Agricultural Production","050","Bangladesh","152","Gross Production Value (constant 2014-2016 thousand I$)","01313","Plantains and cooking bananas","2024","2024","1000 Int$","69475","E","Estimated value"
"QV","Value of Agricultural Production","050","Bangladesh","152","Gross Production Value (constant 2014-2016 thousand I$)","01321","Pomelos and grapefruits","2024","2024","1000 Int$","28760","E","Estimated value"
"QV","Value of Agricultural Production","050","Bangladesh","56","Gross Production Value (current thousand SLC)","01321","Pomelos and grapefruits","2024","2024","1000 SLC","4508696","E","Estimated value"
"QV","Value of Agricultural Production","050","Bangladesh","55","Gross Production Value (constant 2014-2016 thousand SLC)","01321","Pomelos and grapefruits","2024","2024","1000 SLC","3063177","E","Estimated value"
"QV","Value of Agricultural Production","050","Bangladesh","57","Gross Production Value (current thousand US$)","01321","Pomelos and grapefruits","2024","2024","1000 USD","39001","E","Estimated value"
"QV","Value of Agricultural Production","050","Bangladesh","58","Gross Production Value (constant 2014-2016 thousand US$)","01321","Pomelos and grapefruits","2024","2024","1000 USD","39224","E","Estimated value"
"QV","Value of Agricultural Production","050","Bangladesh","152","Gross Production Value (constant 2014-2016 thousand I$)","01510","Potatoes","2024","2024","1000 Int$","2653148","E","Estimated value"
"QV","Value of Agricultural Production","050","Bangladesh","56","Gross Production Value (current thousand SLC)","01510","Potatoes","2024","2024","1000 SLC","235041969","E","Estimated value"
"QV","Value of Agricultural Production","050","Bangladesh","55","Gross Production Value (constant 2014-2016 thousand SLC)","01510","Potatoes","2024","2024","1000 SLC","151602804","E","Estimated value"
"QV","Value of Agricultural Production","050","Bangladesh","57","Gross Production Value (current thousand US$)","01510","Potatoes","2024","2024","1000 USD","2033171","E","Estimated value"
"QV","Value of Agricultural Production","050","Bangladesh","58","Gross Production Value (constant 2014-2016 thousand US$)","01510","Potatoes","2024","2024","1000 USD","1940873","E","Estimated value"
"QV","Value of Agricultural Production","050","Bangladesh","152","Gross Production Value (constant 2014-2016 thousand I$)","01235","Pumpkins, squash and gourds","2024","2024","1000 Int$","238605","E","Estimated value"
"QV","Value of Agricultural Production","050","Bangladesh","56","Gross Production Value (current thousand SLC)","01235","Pumpkins, squash and gourds","2024","2024","1000 SLC","16280867","E","Estimated value"
"QV","Value of Agricultural Production","050","Bangladesh","55","Gross Production Value (constant 2014-2016 thousand SLC)","01235","Pumpkins, squash and gourds","2024","2024","1000 SLC","11418272","E","Estimated value"
"QV","Value of Agricultural Production","050","Bangladesh","57","Gross Production Value (current thousand US$)","01235","Pumpkins, squash and gourds","2024","2024","1000 USD","140833","E","Estimated value"
"QV","Value of Agricultural Production","050","Bangladesh","58","Gross Production Value (constant 2014-2016 thousand US$)","01235","Pumpkins, squash and gourds","2024","2024","1000 USD","146210","E","Estimated value"
"QV","Value of Agricultural Production","050","Bangladesh","152","Gross Production Value (constant 2014-2016 thousand I$)","01443","Rape or colza seed","2024","2024","1000 Int$","299854","E","Estimated value"
"QV","Value of Agricultural Production","050","Bangladesh","56","Gross Production Value (current thousand SLC)","01443","Rape or colza seed","2024","2024","1000 SLC","37346249","E","Estimated value"
"QV","Value of Agricultural Production","050","Bangladesh","55","Gross Production Value (constant 2014-2016 thousand SLC)","01443","Rape or colza seed","2024","2024","1000 SLC","28054789","E","Estimated value"
"QV","Value of Agricultural Production","050","Bangladesh","57","Gross Production Value (current thousand US$)","01443","Rape or colza seed","2024","2024","1000 USD","323054","E","Estimated value"
"QV","Value of Agricultural Production","050","Bangladesh","58","Gross Production Value (constant 2014-2016 thousand US$)","01443","Rape or colza seed","2024","2024","1000 USD","359318","E","Estimated value"
"QV","Value of Agricultural Production","050","Bangladesh","152","Gross Production Value (constant 2014-2016 thousand I$)","02212","Raw milk of buffalo","2024","2024","1000 Int$","201117","E","Estimated value"
"QV","Value of Agricultural Production","050","Bangladesh","56","Gross Production Value (current thousand SLC)","02212","Raw milk of buffalo","2024","2024","1000 SLC","8466202","E","Estimated value"
"QV","Value of Agricultural Production","050","Bangladesh","55","Gross Production Value (constant 2014-2016 thousand SLC)","02212","Raw milk of buffalo","2024","2024","1000 SLC","6835773","E","Estimated value"
"QV","Value of Agricultural Production","050","Bangladesh","57","Gross Production Value (current thousand US$)","02212","Raw milk of buffalo","2024","2024","1000 USD","73235","E","Estimated value"
"QV","Value of Agricultural Production","050","Bangladesh","58","Gross Production Value (constant 2014-2016 thousand US$)","02212","Raw milk of buffalo","2024","2024","1000 USD","87532","E","Estimated value"
"QV","Value of Agricultural Production","050","Bangladesh","152","Gross Production Value (constant 2014-2016 thousand I$)","02211","Raw milk of cattle","2024","2024","1000 Int$","5634525","E","Estimated value"
"QV","Value of Agricultural Production","050","Bangladesh","56","Gross Production Value (current thousand SLC)","02211","Raw milk of cattle","2024","2024","1000 SLC","286547122","E","Estimated value"
"QV","Value of Agricultural Production","050","Bangladesh","55","Gross Production Value (constant 2014-2016 thousand SLC)","02211","Raw milk of cattle","2024","2024","1000 SLC","253022358","E","Estimated value"
"QV","Value of Agricultural Production","050","Bangladesh","57","Gross Production Value (current thousand US$)","02211","Raw milk of cattle","2024","2024","1000 USD","2478703","E","Estimated value"
"QV","Value of Agricultural Production","050","Bangladesh","58","Gross Production Value (constant 2014-2016 thousand US$)","02211","Raw milk of cattle","2024","2024","1000 USD","3239935","E","Estimated value"
"QV","Value of Agricultural Production","050","Bangladesh","152","Gross Production Value (constant 2014-2016 thousand I$)","02292","Raw milk of goats","2024","2024","1000 Int$","484513","E","Estimated value"
"QV","Value of Agricultural Production","050","Bangladesh","56","Gross Production Value (current thousand SLC)","02292","Raw milk of goats","2024","2024","1000 SLC","26737598","E","Estimated value"
"QV","Value of Agricultural Production","050","Bangladesh","55","Gross Production Value (constant 2014-2016 thousand SLC)","02292","Raw milk of goats","2024","2024","1000 SLC","21750156","E","Estimated value"
"QV","Value of Agricultural Production","050","Bangladesh","57","Gross Production Value (current thousand US$)","02292","Raw milk of goats","2024","2024","1000 USD","231287","E","Estimated value"
"QV","Value of Agricultural Production","050","Bangladesh","58","Gross Production Value (constant 2014-2016 thousand US$)","02292","Raw milk of goats","2024","2024","1000 USD","278509","E","Estimated value"
"QV","Value of Agricultural Production","050","Bangladesh","152","Gross Production Value (constant 2014-2016 thousand I$)","02291","Raw milk of sheep","2024","2024","1000 Int$","45881","E","Estimated value"
"QV","Value of Agricultural Production","050","Bangladesh","56","Gross Production Value (current thousand SLC)","02291","Raw milk of sheep","2024","2024","1000 SLC","1591928","E","Estimated value"
"QV","Value of Agricultural Production","050","Bangladesh","55","Gross Production Value (constant 2014-2016 thousand SLC)","02291","Raw milk of sheep","2024","2024","1000 SLC","1405680","E","Estimated value"
"QV","Value of Agricultural Production","050","Bangladesh","57","Gross Production Value (current thousand US$)","02291","Raw milk of sheep","2024","2024","1000 USD","13771","E","Estimated value"
"QV","Value of Agricultural Production","050","Bangladesh","58","Gross Production Value (constant 2014-2016 thousand US$)","02291","Raw milk of sheep","2024","2024","1000 USD","18000","E","Estimated value"
"QV","Value of Agricultural Production","050","Bangladesh","152","Gross Production Value (constant 2014-2016 thousand I$)","0113","Rice","2024","2024","1000 Int$","23687260","E","Estimated value"
"QV","Value of Agricultural Production","050","Bangladesh","56","Gross Production Value (current thousand SLC)","0113","Rice","2024","2024","1000 SLC","1809954327","E","Estimated value"
"QV","Value of Agricultural Production","050","Bangladesh","55","Gross Production Value (constant 2014-2016 thousand SLC)","0113","Rice","2024","2024","1000 SLC","1072366154","E","Estimated value"
"QV","Value of Agricultural Production","050","Bangladesh","57","Gross Production Value (current thousand US$)","0113","Rice","2024","2024","1000 USD","15656549","E","Estimated value"
"QV","Value of Agricultural Production","050","Bangladesh","58","Gross Production Value (constant 2014-2016 thousand US$)","0113","Rice","2024","2024","1000 USD","13736627","E","Estimated value"
"QV","Value of Agricultural Production","050","Bangladesh","152","Gross Production Value (constant 2014-2016 thousand I$)","01921.01","Seed cotton, unginned","2024","2024","1000 Int$","56756","E","Estimated value"
"QV","Value of Agricultural Production","050","Bangladesh","56","Gross Production Value (current thousand SLC)","01921.01","Seed cotton, unginned","2024","2024","1000 SLC","957105","E","Estimated value"
"QV","Value of Agricultural Production","050","Bangladesh","55","Gross Production Value (constant 2014-2016 thousand SLC)","01921.01","Seed cotton, unginned","2024","2024","1000 SLC","949774","E","Estimated value"
"QV","Value of Agricultural Production","050","Bangladesh","57","Gross Production Value (current thousand US$)","01921.01","Seed cotton, unginned","2024","2024","1000 USD","8279","E","Estimated value"
"QV","Value of Agricultural Production","050","Bangladesh","58","Gross Production Value (constant 2014-2016 thousand US$)","01921.01","Seed cotton, unginned","2024","2024","1000 USD","12167","E","Estimated value"
"QV","Value of Agricultural Production","050","Bangladesh","152","Gross Production Value (constant 2014-2016 thousand I$)","01444","Sesame seed","2024","2024","1000 Int$","33977","E","Estimated value"
"QV","Value of Agricultural Production","050","Bangladesh","56","Gross Production Value (current thousand SLC)","01444","Sesame seed","2024","2024","1000 SLC","2568617","E","Estimated value"
"QV","Value of Agricultural Production","050","Bangladesh","55","Gross Production Value (constant 2014-2016 thousand SLC)","01444","Sesame seed","2024","2024","1000 SLC","1371781","E","Estimated value"
"QV","Value of Agricultural Production","050","Bangladesh","57","Gross Production Value (current thousand US$)","01444","Sesame seed","2024","2024","1000 USD","22219","E","Estimated value"
"QV","Value of Agricultural Production","050","Bangladesh","58","Gross Production Value (constant 2014-2016 thousand US$)","01444","Sesame seed","2024","2024","1000 USD","17577","E","Estimated value"
"QV","Value of Agricultural Production","050","Bangladesh","152","Gross Production Value (constant 2014-2016 thousand I$)","02941","Shorn wool, greasy, including fleece-washed shorn wool","2024","2024","1000 Int$","9734","E","Estimated value"
"QV","Value of Agricultural Production","050","Bangladesh","56","Gross Production Value (current thousand SLC)","02941","Shorn wool, greasy, including fleece-washed shorn wool","2024","2024","1000 SLC","241343","E","Estimated value"
"QV","Value of Agricultural Production","050","Bangladesh","55","Gross Production Value (constant 2014-2016 thousand SLC)","02941","Shorn wool, greasy, including fleece-washed shorn wool","2024","2024","1000 SLC","195736","E","Estimated value"
"QV","Value of Agricultural Production","050","Bangladesh","57","Gross Production Value (current thousand US$)","02941","Shorn wool, greasy, including fleece-washed shorn wool","2024","2024","1000 USD","2088","E","Estimated value"
"QV","Value of Agricultural Production","050","Bangladesh","58","Gross Production Value (constant 2014-2016 thousand US$)","02941","Shorn wool, greasy, including fleece-washed shorn wool","2024","2024","1000 USD","2506","E","Estimated value"
"QV","Value of Agricultural Production","050","Bangladesh","152","Gross Production Value (constant 2014-2016 thousand I$)","0114","Sorghum","2024","2024","1000 Int$","13","E","Estimated value"
"QV","Value of Agricultural Production","050","Bangladesh","56","Gross Production Value (current thousand SLC)","0114","Sorghum","2024","2024","1000 SLC","751","E","Estimated value"
"QV","Value of Agricultural Production","050","Bangladesh","55","Gross Production Value (constant 2014-2016 thousand SLC)","0114","Sorghum","2024","2024","1000 SLC","631","E","Estimated value"
"QV","Value of Agricultural Production","050","Bangladesh","57","Gross Production Value (current thousand US$)","0114","Sorghum","2024","2024","1000 USD","6","E","Estimated value"
"QV","Value of Agricultural Production","050","Bangladesh","58","Gross Production Value (constant 2014-2016 thousand US$)","0114","Sorghum","2024","2024","1000 USD","8","E","Estimated value"
"QV","Value of Agricultural Production","050","Bangladesh","152","Gross Production Value (constant 2014-2016 thousand I$)","0141","Soya beans","2024","2024","1000 Int$","40860","E","Estimated value"
"QV","Value of Agricultural Production","050","Bangladesh","56","Gross Production Value (current thousand SLC)","0141","Soya beans","2024","2024","1000 SLC","4321686","E","Estimated value"
"QV","Value of Agricultural Production","050","Bangladesh","55","Gross Production Value (constant 2014-2016 thousand SLC)","0141","Soya beans","2024","2024","1000 SLC","3790969","E","Estimated value"
"QV","Value of Agricultural Production","050","Bangladesh","57","Gross Production Value (current thousand US$)","0141","Soya beans","2024","2024","1000 USD","37384","E","Estimated value"
"QV","Value of Agricultural Production","050","Bangladesh","58","Gross Production Value (constant 2014-2016 thousand US$)","0141","Soya beans","2024","2024","1000 USD","48550","E","Estimated value"
"QV","Value of Agricultural Production","050","Bangladesh","152","Gross Production Value (constant 2014-2016 thousand I$)","01215","Spinach","2024","2024","1000 Int$","27012","E","Estimated value"
"QV","Value of Agricultural Production","050","Bangladesh","56","Gross Production Value (current thousand SLC)","01215","Spinach","2024","2024","1000 SLC","1092637","E","Estimated value"
"QV","Value of Agricultural Production","050","Bangladesh","55","Gross Production Value (constant 2014-2016 thousand SLC)","01215","Spinach","2024","2024","1000 SLC","872196","E","Estimated value"
"QV","Value of Agricultural Production","050","Bangladesh","57","Gross Production Value (current thousand US$)","01215","Spinach","2024","2024","1000 USD","9452","E","Estimated value"
"QV","Value of Agricultural Production","050","Bangladesh","58","Gross Production Value (constant 2014-2016 thousand US$)","01215","Spinach","2024","2024","1000 USD","11169","E","Estimated value"
"QV","Value of Agricultural Production","050","Bangladesh","152","Gross Production Value (constant 2014-2016 thousand I$)","01354","Strawberries","2024","2024","1000 Int$","586","E","Estimated value"
"QV","Value of Agricultural Production","050","Bangladesh","152","Gross Production Value (constant 2014-2016 thousand I$)","01802","Sugar cane","2024","2024","1000 Int$","131677","E","Estimated value"
"QV","Value of Agricultural Production","050","Bangladesh","56","Gross Production Value (current thousand SLC)","01802","Sugar cane","2024","2024","1000 SLC","13063034","E","Estimated value"
"QV","Value of Agricultural Production","050","Bangladesh","55","Gross Production Value (constant 2014-2016 thousand SLC)","01802","Sugar cane","2024","2024","1000 SLC","9386100","E","Estimated value"
"QV","Value of Agricultural Production","050","Bangladesh","57","Gross Production Value (current thousand US$)","01802","Sugar cane","2024","2024","1000 USD","112998","E","Estimated value"
"QV","Value of Agricultural Production","050","Bangladesh","58","Gross Production Value (constant 2014-2016 thousand US$)","01802","Sugar cane","2024","2024","1000 USD","120188","E","Estimated value"
"QV","Value of Agricultural Production","050","Bangladesh","152","Gross Production Value (constant 2014-2016 thousand I$)","01530","Sweet potatoes","2024","2024","1000 Int$","62431","E","Estimated value"
"QV","Value of Agricultural Production","050","Bangladesh","56","Gross Production Value (current thousand SLC)","01530","Sweet potatoes","2024","2024","1000 SLC","5992975","E","Estimated value"
"QV","Value of Agricultural Production","050","Bangladesh","55","Gross Production Value (constant 2014-2016 thousand SLC)","01530","Sweet potatoes","2024","2024","1000 SLC","3957282","E","Estimated value"
"QV","Value of Agricultural Production","050","Bangladesh","57","Gross Production Value (current thousand US$)","01530","Sweet potatoes","2024","2024","1000 USD","51841","E","Estimated value"
"QV","Value of Agricultural Production","050","Bangladesh","58","Gross Production Value (constant 2014-2016 thousand US$)","01530","Sweet potatoes","2024","2024","1000 USD","50676","E","Estimated value"
"QV","Value of Agricultural Production","050","Bangladesh","152","Gross Production Value (constant 2014-2016 thousand I$)","01620","Tea leaves","2024","2024","1000 Int$","844468","E","Estimated value"
"QV","Value of Agricultural Production","050","Bangladesh","56","Gross Production Value (current thousand SLC)","01620","Tea leaves","2024","2024","1000 SLC","62622770","E","Estimated value"
"QV","Value of Agricultural Production","050","Bangladesh","55","Gross Production Value (constant 2014-2016 thousand SLC)","01620","Tea leaves","2024","2024","1000 SLC","50697595","E","Estimated value"
"QV","Value of Agricultural Production","050","Bangladesh","57","Gross Production Value (current thousand US$)","01620","Tea leaves","2024","2024","1000 USD","541702","E","Estimated value"
"QV","Value of Agricultural Production","050","Bangladesh","58","Gross Production Value (constant 2014-2016 thousand US$)","01620","Tea leaves","2024","2024","1000 USD","649179","E","Estimated value"
"QV","Value of Agricultural Production","050","Bangladesh","152","Gross Production Value (constant 2014-2016 thousand I$)","01234","Tomatoes","2024","2024","1000 Int$","234006","E","Estimated value"
"QV","Value of Agricultural Production","050","Bangladesh","56","Gross Production Value (current thousand SLC)","01234","Tomatoes","2024","2024","1000 SLC","17710506","E","Estimated value"
"QV","Value of Agricultural Production","050","Bangladesh","55","Gross Production Value (constant 2014-2016 thousand SLC)","01234","Tomatoes","2024","2024","1000 SLC","12648608","E","Estimated value"
"QV","Value of Agricultural Production","050","Bangladesh","57","Gross Production Value (current thousand US$)","01234","Tomatoes","2024","2024","1000 USD","153200","E","Estimated value"
"QV","Value of Agricultural Production","050","Bangladesh","58","Gross Production Value (constant 2014-2016 thousand US$)","01234","Tomatoes","2024","2024","1000 USD","161817","E","Estimated value"
"QV","Value of Agricultural Production","050","Bangladesh","152","Gross Production Value (constant 2014-2016 thousand I$)","01970","Unmanufactured tobacco","2024","2024","1000 Int$","219070","E","Estimated value"
"QV","Value of Agricultural Production","050","Bangladesh","56","Gross Production Value (current thousand SLC)","01970","Unmanufactured tobacco","2024","2024","1000 SLC","8830625","E","Estimated value"
"QV","Value of Agricultural Production","050","Bangladesh","55","Gross Production Value (constant 2014-2016 thousand SLC)","01970","Unmanufactured tobacco","2024","2024","1000 SLC","6717006","E","Estimated value"
"QV","Value of Agricultural Production","050","Bangladesh","57","Gross Production Value (current thousand US$)","01970","Unmanufactured tobacco","2024","2024","1000 USD","76387","E","Estimated value"
"QV","Value of Agricultural Production","050","Bangladesh","58","Gross Production Value (constant 2014-2016 thousand US$)","01970","Unmanufactured tobacco","2024","2024","1000 USD","86011","E","Estimated value"
"QV","Value of Agricultural Production","050","Bangladesh","152","Gross Production Value (constant 2014-2016 thousand I$)","0111","Wheat","2024","2024","1000 Int$","277623","E","Estimated value"
"QV","Value of Agricultural Production","050","Bangladesh","56","Gross Production Value (current thousand SLC)","0111","Wheat","2024","2024","1000 SLC","36610768","E","Estimated value"
"QV","Value of Agricultural Production","050","Bangladesh","55","Gross Production Value (constant 2014-2016 thousand SLC)","0111","Wheat","2024","2024","1000 SLC","24749284","E","Estimated value"
"QV","Value of Agricultural Production","050","Bangladesh","57","Gross Production Value (current thousand US$)","0111","Wheat","2024","2024","1000 USD","316692","E","Estimated value"
"QV","Value of Agricultural Production","050","Bangladesh","58","Gross Production Value (constant 2014-2016 thousand US$)","0111","Wheat","2024","2024","1000 USD","317041","E","Estimated value"
