service_access_id,area_id,year,indicator_id,service_category,value
1,1,2022,29,Tap/Pipe supply,11
2,1,2022,29,Tubewell deep/shallow,85
3,1,2022,29,Bottled water/Water jar,0
4,1,2022,29,Well,0
5,1,2022,29,Pond/River/Canal/Lake,0
6,1,2022,29,Spring,0
7,1,2022,29,Rain water,0
8,1,2022,29,Others,0
9,2,2022,29,Tap/Pipe supply,3
10,2,2022,29,Tubewell deep/shallow,91
11,2,2022,29,Bottled water/Water jar,0
12,2,2022,29,Well,0
13,2,2022,29,Pond/River/Canal/Lake,2
14,2,2022,29,Spring,0
15,2,2022,29,Rain water,1
16,2,2022,29,Others,0
17,3,2022,29,Tap/Pipe supply,12
18,3,2022,29,Tubewell deep/shallow,84
19,3,2022,29,Bottled water/Water jar,0
20,3,2022,29,Well,1
21,3,2022,29,Pond/River/Canal/Lake,0
22,3,2022,29,Spring,0
23,3,2022,29,Rain water,0
24,3,2022,29,Others,0
25,4,2022,29,Tap/Pipe supply,26
26,4,2022,29,Tubewell deep/shallow,72
27,4,2022,29,Bottled water/Water jar,0
28,4,2022,29,Well,0
29,4,2022,29,Pond/River/Canal/Lake,0
30,4,2022,29,Spring,0
31,4,2022,29,Rain water,0
32,4,2022,29,Others,0
33,5,2022,29,Tap/Pipe supply,3
34,5,2022,29,Tubewell deep/shallow,86
35,5,2022,29,Bottled water/Water jar,3
36,5,2022,29,Well,0
37,5,2022,29,Pond/River/Canal/Lake,3
38,5,2022,29,Spring,0
39,5,2022,29,Rain water,3
40,5,2022,29,Others,0
41,6,2022,29,Tap/Pipe supply,1
42,6,2022,29,Tubewell deep/shallow,97
43,6,2022,29,Bottled water/Water jar,0
44,6,2022,29,Well,0
45,6,2022,29,Pond/River/Canal/Lake,0
46,6,2022,29,Spring,0
47,6,2022,29,Rain water,0
48,6,2022,29,Others,0
49,7,2022,29,Tap/Pipe supply,6
50,7,2022,29,Tubewell deep/shallow,93
51,7,2022,29,Bottled water/Water jar,0
52,7,2022,29,Well,0
53,7,2022,29,Pond/River/Canal/Lake,0
54,7,2022,29,Spring,0
55,7,2022,29,Rain water,0
56,7,2022,29,Others,0
57,8,2022,29,Tap/Pipe supply,1
58,8,2022,29,Tubewell deep/shallow,98
59,8,2022,29,Bottled water/Water jar,0
60,8,2022,29,Well,0
61,8,2022,29,Pond/River/Canal/Lake,0
62,8,2022,29,Spring,0
63,8,2022,29,Rain water,0
64,8,2022,29,Others,0
65,9,2022,29,Tap/Pipe supply,5
66,9,2022,29,Tubewell deep/shallow,87
67,9,2022,29,Bottled water/Water jar,0
68,9,2022,29,Well,1
69,9,2022,29,Pond/River/Canal/Lake,3
70,9,2022,29,Spring,0
71,9,2022,29,Rain water,0
72,9,2022,29,Others,0
73,1,2022,30,Safe disposal with flushing/pouring water,56
74,1,2022,30,Unsafe disposal with flushing/pouring water,12
75,1,2022,30,Pit latrine with slab/improved/composting,21
76,1,2022,30,Pit latrine without slab/open pit,4
77,1,2022,30,Kutcha/open/hanging latrine,4
78,1,2022,30,Open defecation/no latrine,1
79,2,2022,30,Safe disposal with flushing/pouring water,38
80,2,2022,30,Unsafe disposal with flushing/pouring water,12
81,2,2022,30,Pit latrine with slab/improved/composting,41
82,2,2022,30,Pit latrine without slab/open pit,5
83,2,2022,30,Kutcha/open/hanging latrine,1
84,2,2022,30,Open defecation/no latrine,0
85,3,2022,30,Safe disposal with flushing/pouring water,59
86,3,2022,30,Unsafe disposal with flushing/pouring water,13
87,3,2022,30,Pit latrine with slab/improved/composting,20
88,3,2022,30,Pit latrine without slab/open pit,3
89,3,2022,30,Kutcha/open/hanging latrine,2
90,3,2022,30,Open defecation/no latrine,0
91,4,2022,30,Safe disposal with flushing/pouring water,69
92,4,2022,30,Unsafe disposal with flushing/pouring water,11
93,4,2022,30,Pit latrine with slab/improved/composting,15
94,4,2022,30,Pit latrine without slab/open pit,2
95,4,2022,30,Kutcha/open/hanging latrine,1
96,4,2022,30,Open defecation/no latrine,0
97,5,2022,30,Safe disposal with flushing/pouring water,55
98,5,2022,30,Unsafe disposal with flushing/pouring water,11
99,5,2022,30,Pit latrine with slab/improved/composting,24
100,5,2022,30,Pit latrine without slab/open pit,3
101,5,2022,30,Kutcha/open/hanging latrine,4
102,5,2022,30,Open defecation/no latrine,0
103,6,2022,30,Safe disposal with flushing/pouring water,38
104,6,2022,30,Unsafe disposal with flushing/pouring water,18
105,6,2022,30,Pit latrine with slab/improved/composting,26
106,6,2022,30,Pit latrine without slab/open pit,8
107,6,2022,30,Kutcha/open/hanging latrine,6
108,6,2022,30,Open defecation/no latrine,1
109,7,2022,30,Safe disposal with flushing/pouring water,55
110,7,2022,30,Unsafe disposal with flushing/pouring water,11
111,7,2022,30,Pit latrine with slab/improved/composting,22
112,7,2022,30,Pit latrine without slab/open pit,4
113,7,2022,30,Kutcha/open/hanging latrine,5
114,7,2022,30,Open defecation/no latrine,1
115,8,2022,30,Safe disposal with flushing/pouring water,43
116,8,2022,30,Unsafe disposal with flushing/pouring water,11
117,8,2022,30,Pit latrine with slab/improved/composting,27
118,8,2022,30,Pit latrine without slab/open pit,4
119,8,2022,30,Kutcha/open/hanging latrine,8
120,8,2022,30,Open defecation/no latrine,4
121,9,2022,30,Safe disposal with flushing/pouring water,46
122,9,2022,30,Unsafe disposal with flushing/pouring water,17
123,9,2022,30,Pit latrine with slab/improved/composting,15
124,9,2022,30,Pit latrine without slab/open pit,8
125,9,2022,30,Kutcha/open/hanging latrine,9
126,9,2022,30,Open defecation/no latrine,2
127,1,2022,31,National grid,97
128,1,2022,31,Solar,1
129,1,2022,31,Other electricity source,0
130,1,2022,31,No electricity,0
131,2,2022,31,National grid,96
132,2,2022,31,Solar,2
133,2,2022,31,Other electricity source,0
134,2,2022,31,No electricity,0
135,3,2022,31,National grid,93
136,3,2022,31,Solar,5
137,3,2022,31,Other electricity source,0
138,3,2022,31,No electricity,1
139,4,2022,31,National grid,99
140,4,2022,31,Solar,0
141,4,2022,31,Other electricity source,0
142,4,2022,31,No electricity,0
143,5,2022,31,National grid,99
144,5,2022,31,Solar,0
145,5,2022,31,Other electricity source,0
146,5,2022,31,No electricity,0
147,6,2022,31,National grid,98
148,6,2022,31,Solar,0
149,6,2022,31,Other electricity source,0
150,6,2022,31,No electricity,0
151,7,2022,31,National grid,98
152,7,2022,31,Solar,0
153,7,2022,31,Other electricity source,0
154,7,2022,31,No electricity,0
155,8,2022,31,National grid,97
156,8,2022,31,Solar,0
157,8,2022,31,Other electricity source,0
158,8,2022,31,No electricity,1
159,9,2022,31,National grid,97
160,9,2022,31,Solar,0
161,9,2022,31,Other electricity source,0
162,9,2022,31,No electricity,1
