buyer_id,destination_country,buyer_name,buyer_address
1,JP,JP International Imports Ltd. 001,"101 Trade Avenue, JP"
2,VN,VN International Retail Group 002,"102 Trade Avenue, VN"
3,CA,CA International Trading LLC 003,"103 Trade Avenue, CA"
4,ES,ES International Sourcing GmbH 004,"104 Trade Avenue, ES"
5,AU,AU International Commerce BV 005,"105 Trade Avenue, AU"
6,PK,PK International Distribution Inc. 006,"106 Trade Avenue, PK"
7,KR,KR International Imports Ltd. 007,"107 Trade Avenue, KR"
8,AE,AE International Retail Group 008,"108 Trade Avenue, AE"
9,GB,GB International Trading LLC 009,"109 Trade Avenue, GB"
10,NL,NL International Sourcing GmbH 010,"110 Trade Avenue, NL"
11,NZ,NZ International Commerce BV 011,"111 Trade Avenue, NZ"
12,LK,LK International Distribution Inc. 012,"112 Trade Avenue, LK"
13,SG,SG International Imports Ltd. 013,"113 Trade Avenue, SG"
14,SA,SA International Retail Group 014,"114 Trade Avenue, SA"
15,DE,DE International Trading LLC 015,"115 Trade Avenue, DE"
16,BE,BE International Sourcing GmbH 016,"116 Trade Avenue, BE"
17,ZA,ZA International Commerce BV 017,"117 Trade Avenue, ZA"
18,NP,NP International Distribution Inc. 018,"118 Trade Avenue, NP"
19,MY,MY International Imports Ltd. 019,"119 Trade Avenue, MY"
20,QA,QA International Retail Group 020,"120 Trade Avenue, QA"
21,FR,FR International Trading LLC 021,"121 Trade Avenue, FR"
22,SE,SE International Sourcing GmbH 022,"122 Trade Avenue, SE"
23,BR,BR International Commerce BV 023,"123 Trade Avenue, BR"
24,CN,CN International Distribution Inc. 024,"124 Trade Avenue, CN"
25,TH,TH International Imports Ltd. 025,"125 Trade Avenue, TH"
26,US,US International Retail Group 026,"126 Trade Avenue, US"
27,IT,IT International Trading LLC 027,"127 Trade Avenue, IT"
28,CH,CH International Sourcing GmbH 028,"128 Trade Avenue, CH"
29,IN,IN International Commerce BV 029,"129 Trade Avenue, IN"
30,JP,JP International Distribution Inc. 030,"130 Trade Avenue, JP"
31,VN,VN International Imports Ltd. 031,"131 Trade Avenue, VN"
32,CA,CA International Retail Group 032,"132 Trade Avenue, CA"
33,ES,ES International Trading LLC 033,"133 Trade Avenue, ES"
34,AU,AU International Sourcing GmbH 034,"134 Trade Avenue, AU"
35,PK,PK International Commerce BV 035,"135 Trade Avenue, PK"
36,KR,KR International Distribution Inc. 036,"136 Trade Avenue, KR"
37,AE,AE International Imports Ltd. 037,"137 Trade Avenue, AE"
38,GB,GB International Retail Group 038,"138 Trade Avenue, GB"
39,NL,NL International Trading LLC 039,"139 Trade Avenue, NL"
40,NZ,NZ International Sourcing GmbH 040,"140 Trade Avenue, NZ"
41,LK,LK International Commerce BV 041,"141 Trade Avenue, LK"
42,SG,SG International Distribution Inc. 042,"142 Trade Avenue, SG"
43,SA,SA International Imports Ltd. 043,"143 Trade Avenue, SA"
44,DE,DE International Retail Group 044,"144 Trade Avenue, DE"
45,BE,BE International Trading LLC 045,"145 Trade Avenue, BE"
46,ZA,ZA International Sourcing GmbH 046,"146 Trade Avenue, ZA"
47,NP,NP International Commerce BV 047,"147 Trade Avenue, NP"
48,MY,MY International Distribution Inc. 048,"148 Trade Avenue, MY"
49,QA,QA International Imports Ltd. 049,"149 Trade Avenue, QA"
50,FR,FR International Retail Group 050,"150 Trade Avenue, FR"
51,SE,SE International Trading LLC 051,"151 Trade Avenue, SE"
52,BR,BR International Sourcing GmbH 052,"152 Trade Avenue, BR"
53,CN,CN International Commerce BV 053,"153 Trade Avenue, CN"
54,TH,TH International Distribution Inc. 054,"154 Trade Avenue, TH"
55,US,US International Imports Ltd. 055,"155 Trade Avenue, US"
56,IT,IT International Retail Group 056,"156 Trade Avenue, IT"
57,CH,CH International Trading LLC 057,"157 Trade Avenue, CH"
58,IN,IN International Sourcing GmbH 058,"158 Trade Avenue, IN"
59,JP,JP International Commerce BV 059,"159 Trade Avenue, JP"
60,VN,VN International Distribution Inc. 060,"160 Trade Avenue, VN"
61,CA,CA International Imports Ltd. 061,"161 Trade Avenue, CA"
62,ES,ES International Retail Group 062,"162 Trade Avenue, ES"
63,AU,AU International Trading LLC 063,"163 Trade Avenue, AU"
64,PK,PK International Sourcing GmbH 064,"164 Trade Avenue, PK"
65,KR,KR International Commerce BV 065,"165 Trade Avenue, KR"
66,AE,AE International Distribution Inc. 066,"166 Trade Avenue, AE"
67,GB,GB International Imports Ltd. 067,"167 Trade Avenue, GB"
68,NL,NL International Retail Group 068,"168 Trade Avenue, NL"
69,NZ,NZ International Trading LLC 069,"169 Trade Avenue, NZ"
70,LK,LK International Sourcing GmbH 070,"170 Trade Avenue, LK"
71,SG,SG International Commerce BV 071,"171 Trade Avenue, SG"
72,SA,SA International Distribution Inc. 072,"172 Trade Avenue, SA"
73,DE,DE International Imports Ltd. 073,"173 Trade Avenue, DE"
74,BE,BE International Retail Group 074,"174 Trade Avenue, BE"
75,ZA,ZA International Trading LLC 075,"175 Trade Avenue, ZA"
76,NP,NP International Sourcing GmbH 076,"176 Trade Avenue, NP"
77,MY,MY International Commerce BV 077,"177 Trade Avenue, MY"
78,QA,QA International Distribution Inc. 078,"178 Trade Avenue, QA"
79,FR,FR International Imports Ltd. 079,"179 Trade Avenue, FR"
80,SE,SE International Retail Group 080,"180 Trade Avenue, SE"
81,BR,BR International Trading LLC 081,"181 Trade Avenue, BR"
82,CN,CN International Sourcing GmbH 082,"182 Trade Avenue, CN"
83,TH,TH International Commerce BV 083,"183 Trade Avenue, TH"
84,US,US International Distribution Inc. 084,"184 Trade Avenue, US"
85,IT,IT International Imports Ltd. 085,"185 Trade Avenue, IT"
86,CH,CH International Retail Group 086,"186 Trade Avenue, CH"
87,IN,IN International Trading LLC 087,"187 Trade Avenue, IN"
88,JP,JP International Sourcing GmbH 088,"188 Trade Avenue, JP"
89,VN,VN International Commerce BV 089,"189 Trade Avenue, VN"
90,CA,CA International Distribution Inc. 090,"190 Trade Avenue, CA"
91,ES,ES International Imports Ltd. 091,"191 Trade Avenue, ES"
92,AU,AU International Retail Group 092,"192 Trade Avenue, AU"
93,PK,PK International Trading LLC 093,"193 Trade Avenue, PK"
94,KR,KR International Sourcing GmbH 094,"194 Trade Avenue, KR"
95,AE,AE International Commerce BV 095,"195 Trade Avenue, AE"
96,GB,GB International Distribution Inc. 096,"196 Trade Avenue, GB"
97,NL,NL International Imports Ltd. 097,"197 Trade Avenue, NL"
98,NZ,NZ International Retail Group 098,"198 Trade Avenue, NZ"
99,LK,LK International Trading LLC 099,"199 Trade Avenue, LK"
100,SG,SG International Sourcing GmbH 100,"200 Trade Avenue, SG"
101,SA,SA International Commerce BV 101,"201 Trade Avenue, SA"
102,DE,DE International Distribution Inc. 102,"202 Trade Avenue, DE"
103,BE,BE International Imports Ltd. 103,"203 Trade Avenue, BE"
104,ZA,ZA International Retail Group 104,"204 Trade Avenue, ZA"
105,NP,NP International Trading LLC 105,"205 Trade Avenue, NP"
106,MY,MY International Sourcing GmbH 106,"206 Trade Avenue, MY"
107,QA,QA International Commerce BV 107,"207 Trade Avenue, QA"
108,FR,FR International Distribution Inc. 108,
109,SE,SE International Imports Ltd. 109,"209 Trade Avenue, SE"
110,BR,BR International Retail Group 110,"210 Trade Avenue, BR"
111,CN,CN International Trading LLC 111,"211 Trade Avenue, CN"
112,TH,TH International Sourcing GmbH 112,"212 Trade Avenue, TH"
113,US,US International Commerce BV 113,"213 Trade Avenue, US"
114,IT,IT International Distribution Inc. 114,"214 Trade Avenue, IT"
115,CH,CH International Imports Ltd. 115,"215 Trade Avenue, CH"
116,IN,IN International Retail Group 116,"216 Trade Avenue, IN"
117,JP,JP International Trading LLC 117,"217 Trade Avenue, JP"
118,VN,VN International Sourcing GmbH 118,"218 Trade Avenue, VN"
119,CA,CA International Commerce BV 119,"219 Trade Avenue, CA"
120,ES,ES International Distribution Inc. 120,"220 Trade Avenue, ES"
