transaction_id,exporter_id,buyer_id,product_id,declarant_id,commodity_id,transaction_date,no_of_packages,gross_weight_kg,net_weight_kg,quantity,unit,total_value_usd,total_value_bdt,currency,exchange_rate,delivery_terms,mode_of_transport,month,year
1,50,106,11,29,18,2026-05-18,213,9349.15,8930.59,16335,pcs,16855.27,2028868.8499,USD,120.37,FCA,Sea,5,2026
2,44,89,23,38,14,2024-10-28,431,20910.32,19761.87,19223,pcs,340032.97,40266704.307399996,USD,118.42,CIF,Air,10,2024
3,11,87,48,2,8,2024-04-25,197,2176.06,2023.98,9905,kg,226532.51,27858968.079800002,USD,122.98,CIF,Sea,4,2024
4,38,36,16,10,12,2024-05-12,630,12703.14,11905.82,21684,kg,339949.59,40793950.800000004,USD,120,CIF,Sea,5,2024
5,75,41,17,28,1,2026-08-18,80,8096.47,7848.84,9445,kg,203730.67,24885701.3405,USD,122.15,FCA,Sea,8,2026
6,36,1,10,37,16,2025-03-24,82,3897.16,3744.72,9160,pcs,88365.43,10587062.1683,USD,119.81,CIF,Sea,3,2025
7,43,25,3,25,14,2026-08-16,143,13631.73,12396.52,15569,pcs,110863.02,13619522.007,USD,122.85,EXW,Air,8,2026
8,46,66,6,9,10,2025-05-04,116,4530.8,4395.54,11606,kg,341835.22,41406500.198599994,USD,121.13,FCA,Sea,5,2025
9,64,33,58,26,25,2024-01-14,225,9277.2,9087.23,22352,pcs,138069.92,16953605.476800002,USD,122.79,CIF,Sea,1,2024
10,52,83,32,31,19,2024-09-30,147,17596.13,16183.86,15115,pcs,121113.05,14743091.5765,USD,121.73,CFR,Sea,9,2024
11,64,47,52,32,19,2025-09-10,28,2237.91,2112.24,2323,pcs,27209.93,3350358.6809,USD,123.13,FOB,Sea,9,2025
12,16,72,49,3,11,2024-02-01,95,4407.16,4023.45,5114,kg,27507.77,3352647.0076,USD,121.88,FCA,Road,2,2024
13,47,23,10,6,16,2026-05-15,211,20518.77,20095.1,21930,pcs,291334.18,34476486.8612,USD,118.34,FCA,Sea,5,2026
14,80,3,58,18,25,2026-08-13,244,26223.39,25525.8,23849,pcs,396335.09,48487634.91060001,USD,122.34,CIF,Sea,8,2026
15,52,72,5,23,10,2025-09-13,261,32089.14,29846.49,28006,kg,130266.13,15970627.538,USD,122.6,FCA,Road,9,2025
16,31,54,52,4,19,2024-05-10,81,2590.53,2536.63,8288,pcs,48263.78,5922448.4438,USD,122.71,CIF,Air,5,2024
17,75,45,52,38,19,2026-06-25,346,12435.55,11953.81,10504,pcs,196621.71,23614267.371,USD,120.1,CFR,Sea,6,2026
18,65,19,23,8,14,2024-06-18,660,7981.11,7575.2,25463,pcs,173402.77,21273051.8236,USD,122.68,CIF,Sea,6,2024
19,58,113,4,28,15,2025-03-11,110,7447.9,7107.51,12743,pcs,257283.82,30205120.468000002,USD,117.4,CIF,Sea,3,2025
20,43,4,49,16,11,2025-06-20,76,4950.91,4758.45,7267,kg,152950.86,18097145.7552,USD,118.32,CIF,Sea,6,2025
21,74,94,34,12,21,2024-10-07,400,12019.81,11489.74,18880,unit,75857.06,9240148.4786,USD,121.81,CFR,Sea,10,2024
22,8,86,42,30,14,2024-03-05,116,2721.32,2616.35,11874,pcs,323409.23,38382207.4164,USD,118.68,CIF,Sea,3,2024
23,78,22,34,2,21,2025-06-22,485,30746.15,28581.36,24991,unit,543777.04,65574073.25360001,USD,120.59,FOB,Sea,6,2025
24,2,90,15,32,17,2025-12-29,384,15525.29,14924.32,27528,pcs,468444.64,57749855.2192,USD,123.28,FOB,Air,12,2025
25,24,65,23,28,14,2025-03-31,158,2645.42,2547.84,11096,pcs,259020.14,31908691.046600003,USD,123.19,FCA,Sea,3,2025
26,34,24,53,30,20,2024-04-28,351,20555.05,19191.22,27803,unit,308636.75,37311096.7075,USD,120.89,CFR,Sea,4,2024
27,48,48,39,17,23,2024-04-05,376,20595.4,19878.38,25574,pcs,262387.54,32000784.378399994,USD,121.96,EXW,Air,4,2024
28,76,9,3,8,14,2026-05-16,100,3274.22,3103.59,8234,pcs,112018.21,13442185.200000001,USD,120,EXW,Road,5,2026
29,38,7,11,15,18,2024-07-25,471,17207.96,15689.77,14761,pcs,89400.86,10704858.9764,USD,119.74,CIF,Sea,7,2024
30,40,115,16,15,12,2025-06-29,130,11389.01,11110.77,10625,kg,163474.36,19544994.481599998,USD,119.56,CFR,Sea,6,2025
31,36,109,44,34,15,2024-02-02,747,25388.83,24333.81,22766,pcs,574094.22,68856860.74679999,USD,119.94,CFR,Sea,2,2024
32,16,55,7,36,9,2024-02-07,389,14215.79,13689.62,19385,pcs,34147.02,4125642.9563999996,USD,120.82,EXW,Air,2,2024
33,45,92,56,37,12,2025-03-21,414,12954,12259.6,21433,kg,625628.06,76370417.2842,USD,122.07,FCA,Air,3,2025
34,61,30,33,6,20,2024-11-08,71,4363.39,4155.31,5081,unit,111031.63,13482570.8309,USD,121.43,CFR,Sea,11,2024
35,38,46,33,5,20,2025-10-03,31,730.75,692.37,3854,unit,84094.84,9956829.056,USD,118.4,FOB,Sea,10,2025
36,66,35,30,33,16,2024-12-02,214,7253.43,6973.8,15669,pcs,102437.64,12512757.726,USD,122.15,FOB,Sea,12,2024
37,35,1,5,9,10,2025-08-23,521,6719.19,6497.33,15673,kg,184399.86,22751254.7268,USD,123.38,EXW,Sea,8,2025
38,27,91,44,8,15,2025-02-09,413,10247.46,9772.4,27831,pcs,831645.23,97510403.2175,USD,117.25,CIF,Sea,2,2025
39,74,11,23,14,14,2024-11-10,83,11772.88,11144.92,10022,pcs,116278.16,13969658.1424,USD,120.14,FCA,Sea,11,2024
40,62,31,15,4,17,2024-01-02,146,11310.4,10751.07,14225,pcs,15675.37,1880574.1389000001,USD,119.97,EXW,Sea,1,2024
41,46,49,11,34,18,2025-06-28,760,7298.56,7046.07,25070,pcs,172609.8,21203387.832,USD,122.84,CFR,Sea,6,2025
42,80,4,50,22,16,2024-05-26,165,6366.13,5860.67,6970,pcs,171217.34,21099112.8082,USD,123.23,FCA,Sea,5,2024
43,53,91,16,29,12,2024-08-19,504,7727.1,7299.34,25727,kg,699903.36,82455614.8416,USD,117.81,CIF,Air,8,2024
44,4,100,33,19,20,2026-01-08,234,11060.37,10772.39,22362,unit,213416.11,25466944.406299997,USD,119.33,FOB,Sea,1,2026
45,65,109,48,27,8,2025-07-26,25,2814.62,2595.73,3278,kg,74374.59,8966600.5704,USD,120.56,EXW,Sea,7,2025
46,66,97,54,13,21,2026-06-25,123,5082.2,4966.28,6486,unit,51270.1,6308273.104,USD,123.04,CIF,Sea,6,2026
47,36,77,34,16,21,2025-05-03,230,11033.99,10617.48,26447,unit,173276.29,21011482.9254,USD,121.26,CFR,,5,2025
48,32,46,27,7,9,2025-03-02,377,4967.01,4705.86,25968,pcs,724268.85,88063849.4715,USD,121.59,CIF,Sea,3,2025
49,34,91,24,27,15,2026-02-07,232,21318.99,19605.7,23301,pcs,612369.8,75076537.48,USD,122.6,EXW,Sea,2,2026
50,17,65,16,16,12,2024-06-16,200,6997.92,6811.25,6282,kg,5400.82,650042.6952,USD,120.36,CFR,Sea,6,2024
51,9,18,16,23,12,2024-01-16,353,11452.92,10585.88,19021,kg,204420.87,24485531.8086,USD,119.78,CIF,Sea,1,2024
52,53,101,16,10,12,2026-01-14,124,4826.63,4424.84,6502,kg,19092.66,2351452.0056,USD,123.16,EXW,Sea,1,2026
53,36,33,15,26,17,2025-09-18,449,7356.01,7013.3,22064,pcs,510300.95,60072627.834,USD,117.72,FCA,Sea,9,2025
54,51,90,34,20,21,2025-01-20,51,3381.41,3141.8,6330,unit,66738.96,7946607.967200001,USD,119.07,CFR,Sea,1,2025
55,65,110,48,15,8,2026-01-03,626,30412.31,28764.23,26645,kg,523987.66,63612101.924,USD,121.4,CIF,Sea,1,2026
56,1,91,24,10,15,2024-11-14,12,549.26,505.42,871,pcs,2457.21,288894.1797,USD,117.57,CIF,Sea,11,2024
57,24,51,58,1,25,2025-08-23,144,3152.29,3088.13,7496,pcs,156971.65,18450447.741,USD,117.54,CIF,Sea,8,2025
58,40,103,28,38,8,2024-05-25,214,2580.35,2423.74,9434,kg,164456.54,20239666.3778,USD,123.07,FCA,Sea,5,2024
59,8,101,9,37,11,2024-05-20,119,6558.36,6260.13,10634,kg,243508.26,28580564.476200003,USD,117.37,FOB,Air,5,2024
60,76,52,29,1,11,2024-01-11,180,3141.75,2857.04,17691,kg,191979.57,23669161.185300004,USD,123.29,CFR,Sea,1,2024
61,36,87,1,33,13,2025-08-24,240,8173.24,7785.6,29611,pcs,716643.7,84420627.86,USD,117.8,FCA,Sea,8,2025
62,5,69,1,39,13,2024-09-06,211,2116.67,1956.43,8821,pcs,155086.81,18734486.648,USD,120.8,FCA,Sea,9,2024
63,15,10,50,23,16,2026-04-12,469,18451.04,16858.92,28877,pcs,495135.69,59772780.4968,USD,120.72,CFR,Sea,4,2026
64,17,6,14,7,21,2026-07-03,173,23564.09,22391.46,20746,unit,618433.6,75022180.016,USD,121.31,CFR,Air,7,2026
65,58,76,38,8,25,2026-05-14,18,926.67,904,1287,pcs,12861.84,1544063.892,USD,120.05,FOB,Air,5,2026
66,60,53,57,14,1,2026-01-06,138,16293.18,15372.05,15185,kg,287644.37,35337110.854499996,USD,122.85,FOB,Sea,1,2026
67,66,87,27,3,9,2026-01-19,59,822.45,803.97,4301,pcs,120670.28,14521461.4952,USD,120.34,FOB,Sea,1,2026
68,15,79,25,19,10,2025-03-10,15,1293.61,1210.89,1961,kg,22246.09,2654625.9197,USD,119.33,CIF,Road,3,2025
69,60,8,26,11,10,2025-05-16,94,6086.7,5719.42,8896,,20644.61,2532887.2009,USD,122.69,FOB,Road,5,2025
70,55,61,59,9,23,2025-07-15,370,5280.76,4977.99,11650,pcs,161757.47,19808819.7762,USD,122.46,FOB,Sea,7,2025
71,56,85,32,5,19,2024-07-08,116,9303.31,9098.86,13833,pcs,370686.33,44571324.3192,USD,120.24,FCA,Road,7,2024
72,60,81,2,15,14,2024-12-26,76,7732.81,7117.88,7483,pcs,34010.97,4155460.3146,USD,122.18,EXW,Sea,12,2024
73,3,74,6,1,10,2024-01-01,148,15146.97,14468.65,16136,kg,137103.54,16128860.445600001,USD,117.64,EXW,Sea,1,2024
74,35,120,29,8,11,2024-01-14,78,6362.13,6141.45,6508,kg,46346.93,5673327.7013,USD,122.41,CFR,Air,1,2024
75,11,20,25,31,10,2025-05-07,466,2857.89,2684.29,17078,kg,463615.02,55675527.7518,USD,120.09,FOB,Sea,5,2025
76,68,110,32,35,19,2026-03-09,109,2640.05,2451.68,3818,pcs,12454.32,1469236.1304,USD,117.97,CFR,Sea,3,2026
77,23,48,47,29,9,2025-06-26,184,15169.92,14405.82,17327,pcs,41317.58,4851510.243600001,USD,117.42,FOB,Sea,6,2025
78,20,42,3,20,14,2025-01-24,72,3181.77,3009.94,5918,pcs,82706.79,9900829.830899999,USD,119.71,EXW,Sea,1,2025
79,61,95,31,33,18,2025-06-27,45,4340.67,4198.83,5487,pcs,57318.06,6730859.7858,USD,117.43,FOB,Sea,6,2025
80,34,6,33,17,20,2026-08-09,161,5814.36,5661.6,20216,unit,128220.76,15576257.9248,USD,121.48,FCA,Sea,8,2026
81,76,71,39,33,23,2025-08-18,10,886.96,824.86,1325,pcs,21856.11,2686771.6023000004,USD,122.93,CFR,Sea,8,2025
82,57,38,32,27,19,2025-11-03,262,15381.07,14155.06,27068,pcs,202180.68,24364793.7468,USD,120.51,CIF,Road,11,2025
83,41,28,17,8,1,2025-06-04,189,10352.71,9998.31,10375,kg,114536.69,13855503.3893,USD,120.97,CFR,Sea,6,2025
84,64,17,36,14,12,2025-01-05,256,4287.12,4137.25,10719,kg,53570.81,6569924.1384,USD,122.64,FOB,Sea,1,2025
85,14,19,9,37,11,2025-11-27,126,1288.16,1184.07,7465,kg,125798.44,14724707.402,USD,117.05,CIF,Sea,11,2025
86,4,99,4,35,15,2026-06-30,78,1622.19,1516.38,7791,pcs,76105.95,9035298.384,USD,118.72,CIF,Sea,6,2026
87,60,37,5,13,10,2024-01-14,140,5389.31,5215.81,17718,kg,341699.9,40207827.233,USD,117.67,CFR,Sea,1,2024
88,42,1,23,9,14,2026-04-18,155,5158.91,4722.38,6590,pcs,45111.51,5338496.093400001,USD,118.34,FOB,Sea,4,2026
89,17,30,22,19,14,2024-09-05,154,16535.75,15560.57,18358,pcs,304792.85,36011275.2275,USD,118.15,FOB,Sea,9,2024
90,63,40,9,10,11,2024-07-20,91,7516.94,6889.23,10704,kg,89993.15,10985463.8205,USD,122.07,FCA,Sea,7,2024
91,41,35,10,14,16,2025-03-11,81,2758.15,2599.97,6329,pcs,38587.45,4654032.3445,USD,120.61,FOB,Sea,3,2025
92,8,14,50,19,16,2025-04-20,41,1871.16,1735.99,4214,pcs,110335.3,13190585.115,USD,119.55,CFR,Sea,4,2025
93,39,24,56,29,12,2026-08-25,153,7646.15,7199.63,18228,kg,524629,62740382.11,USD,119.59,FCA,Sea,8,2026
94,2,55,60,17,25,2025-10-10,198,4052.58,3817.1,25431,pcs,720015.61,87309092.8686,USD,121.26,EXW,Sea,10,2025
95,3,56,4,25,15,2025-09-20,74,8442,7948.13,7835,pcs,93700.27,11198119.267700002,USD,119.51,FCA,Sea,9,2025
96,43,111,17,6,1,2026-01-17,183,8458.28,8186.09,15456,kg,446505.14,53500245.8748,USD,119.82,CIF,Sea,1,2026
97,33,13,5,38,10,2025-12-16,234,26811.14,25371.61,22523,kg,316451.15,38198818.3165,USD,120.71,FCA,Sea,12,2025
98,37,80,28,1,8,2026-07-21,746,13350.74,12343.52,28518,kg,657900.79,78079665.7572,USD,118.68,EXW,Sea,7,2026
99,74,101,58,24,25,2024-05-18,598,5813.57,5525.68,22466,pcs,422645.38,51410584.0232,USD,121.64,CIF,Sea,5,2024
100,74,102,60,2,25,2025-01-17,177,7437.6,7009.53,20973,pcs,231781.06,28145174.1158,USD,121.43,FCA,Sea,1,2025
101,68,68,32,8,19,2024-11-05,53,5597.39,5319.6,5764,pcs,152814.72,18189536.121600002,USD,119.03,CIF,Sea,11,2024
102,30,65,56,4,12,2026-02-16,711,8410.75,7707.16,29858,kg,517030.58,62286673.9726,USD,120.47,CFR,Sea,2,2026
103,52,21,46,5,10,2024-08-17,400,15697.14,15197.9,25745,kg,449388.39,54811901.9283,USD,121.97,FCA,Sea,8,2024
104,46,62,38,19,25,2024-02-02,333,35720.74,33810.72,29765,,163660.72,19996066.7696,USD,122.18,CFR,Air,2,2024
105,17,114,57,11,1,2024-09-23,105,13764.69,12941.93,11595,kg,311556.56,37455329.6432,USD,120.22,CIF,Sea,9,2024
106,21,76,44,17,15,2025-05-25,340,18406.62,17332.25,22016,pcs,235047.64,28760429.2304,USD,122.36,EXW,Air,5,2025
107,29,107,6,19,10,2024-06-02,198,21766.37,20617.48,18200,kg,283859.36,33520951.8224,USD,118.09,FCA,Sea,6,2024
108,17,61,18,5,25,2024-09-05,83,1278.04,1240.02,6042,pcs,46205.44,5472110.2592,USD,118.43,CIF,Sea,9,2024
109,27,84,17,25,1,2024-02-22,141,13009.56,12350.39,14833,kg,315629.11,37922837.5665,USD,120.15,FOB,Sea,2,2024
110,3,50,20,18,25,2024-10-20,290,12340.97,11769.77,21831,pcs,489399.97,59491460.353199996,USD,121.56,FCA,Sea,10,2024
111,4,64,15,23,17,2026-07-23,139,5484.52,5089.85,17924,pcs,422522.56,51501274.8384,USD,121.89,FCA,Sea,7,2026
112,78,18,14,1,21,2026-04-24,230,26029.94,24902.38,29045,unit,606283.24,72014323.2472,USD,118.78,CIF,Sea,4,2026
113,5,11,1,38,13,2025-11-02,335,19179.31,17685.56,15577,pcs,273979.13,33669295.2857,USD,122.89,FCA,Sea,11,2025
114,74,46,34,9,21,2024-02-17,62,4764.74,4506.41,4821,unit,60800.09,7433419.0034,USD,122.26,FCA,Air,2,2024
115,13,56,6,14,10,2024-09-13,16,1562.87,1518.73,1321,kg,32362.5,3961170,USD,122.4,EXW,Sea,9,2024
116,80,68,45,33,10,2026-07-11,211,17477.75,16502.5,26169,kg,347361.75,41471519.3325,USD,119.39,FOB,Sea,7,2026
117,16,20,31,29,18,2025-02-28,387,11017.75,10613.86,26264,pcs,245673.78,30104865.0012,USD,122.54,CIF,Sea,2,2025
118,2,120,30,14,16,2025-07-17,259,12856.31,11707.93,19740,pcs,242187.79,28503081.0051,USD,117.69,EXW,Sea,7,2025
119,57,53,44,37,15,2024-07-03,196,8337.96,8085.83,9129,pcs,144128.56,16982668.224799998,USD,117.83,FOB,Sea,7,2024
120,17,19,49,16,11,2026-08-28,99,11194.59,10950.12,11604,kg,219112.64,26644097.024,USD,121.6,FOB,Sea,8,2026
121,25,5,56,28,12,2024-05-06,386,5934.3,5633.44,28079,kg,77436.32,9456523.398400001,USD,122.12,FCA,Sea,5,2024
122,72,42,16,6,12,2024-07-25,240,5704.73,5258,21400,kg,304038.73,37156573.193299994,USD,122.21,EXW,Sea,7,2024
123,62,17,8,28,8,2026-01-18,135,12145.66,11805.28,11523,kg,265227.6,32031537.251999997,USD,120.77,EXW,Sea,1,2026
124,45,96,39,28,23,2026-07-13,50,5504.6,5217.28,5180,pcs,153029.55,18268667.678999998,USD,119.38,FOB,Sea,7,2026
125,18,32,53,20,20,2025-07-09,424,13579.17,12998.11,22766,unit,578106.61,68944994.30860001,USD,119.26,CIF,Road,7,2025
126,44,111,44,10,15,2025-04-21,163,12695.3,12398.36,17942,pcs,127762.39,15580623.4605,USD,121.95,FOB,Sea,4,2025
127,12,22,6,23,10,2025-05-21,121,8366.75,7839.83,15315,kg,383319.53,45611190.8747,USD,118.99,FOB,Sea,5,2025
128,11,26,46,36,10,2025-10-23,315,3739.69,3554.58,9598,kg,116025.58,13856935.0194,USD,119.43,CIF,Sea,10,2025
129,47,79,45,40,10,2026-02-26,87,3131.56,2883.18,10541,kg,162018.87,19625345.7231,USD,121.13,CIF,Sea,2,2026
130,35,117,8,31,8,2024-10-26,829,15601.3,14894.06,25603,kg,647443.79,79143528.8896,USD,122.24,CFR,Sea,10,2024
131,78,85,35,18,17,2025-11-17,511,8831.36,8219.95,28745,pcs,359376.18,42650765.0424,USD,118.68,CFR,Sea,11,2025
132,6,97,3,24,14,2025-05-06,120,4998.1,,6405,pcs,99746.9,12109273.66,USD,121.4,CFR,Sea,5,2025
133,33,11,45,2,10,2025-05-03,15,885.89,857.97,1687,kg,23287.86,2789885.628,USD,119.8,FCA,Sea,5,2025
134,66,5,60,5,25,2024-03-15,122,8841.99,8594.57,8075,pcs,170449.01,20639670.6209,USD,121.09,FOB,Sea,3,2024
135,77,70,8,40,8,2025-03-26,74,3399.85,3201.43,3755,,49145.1,5779955.211,USD,117.61,CFR,Sea,3,2025
136,33,117,26,33,10,2025-06-14,339,26840.62,26087.78,28419,kg,331589.38,39097703.7958,USD,117.91,EXW,Sea,6,2025
137,28,61,59,8,23,2024-05-27,157,2505.33,2335.49,9900,pcs,69982.77,8406330.332400002,USD,120.12,EXW,Sea,5,2024
138,2,25,50,32,16,2025-02-28,429,11191.98,10389.29,19517,pcs,477932.68,57829854.28,USD,121,FOB,Sea,2,2025
139,17,25,21,5,13,2026-06-14,152,13261.35,12636.62,11442,pcs,175495.04,20815466.6944,USD,118.61,FOB,Sea,6,2026
140,40,2,48,33,8,2026-05-30,323,17116.92,16386.57,25540,kg,455385.69,55119883.917600006,USD,121.04,CFR,Air,5,2026
141,10,32,7,4,9,2025-11-20,330,18680.69,17203.1,23270,pcs,130242.54,16022437.270799998,USD,123.02,EXW,Air,11,2025
142,53,93,10,14,16,2024-01-24,422,19202.86,18536.23,26650,pcs,195548.69,23984046.828500003,USD,122.65,FOB,Sea,1,2024
143,39,115,31,10,18,2024-04-25,238,28967.46,26839.74,27828,pcs,39179.11,4615690.9491,USD,117.81,CIF,Sea,4,2024
144,68,34,39,17,23,2025-05-28,15,238.14,224.27,674,,7999.21,936547.5068,USD,117.08,EXW,Sea,5,2025
145,25,55,37,20,1,2025-09-05,260,12515.67,12187.59,18120,kg,105133.77,12496199.9022,USD,118.86,CIF,Sea,9,2025
146,34,69,26,14,10,2024-03-22,294,9487.64,8642.89,25810,kg,87770,10543810.1,USD,120.13,FOB,Sea,3,2024
147,49,24,55,26,17,2025-08-10,57,695.95,663.44,1863,pcs,20380.21,2508600.0489,USD,123.09,FCA,Sea,8,2025
148,57,71,9,28,11,2024-06-03,,8036.76,7496.27,7797,kg,96059.17,11819120.276800001,USD,123.04,FCA,Sea,6,2024
149,24,59,5,7,10,2024-09-15,266,11599.13,10635.18,29742,kg,759362.44,92604249.558,USD,121.95,FCA,Sea,9,2024
150,1,107,52,9,19,2025-02-11,133,9972.36,9490.16,12956,pcs,175825.96,20910981.4228,USD,118.93,CFR,Air,2,2025
151,63,89,17,38,1,2024-11-01,82,12269.22,11962.93,10411,kg,120437.34,14283868.523999998,USD,118.6,CFR,Sea,11,2024
152,3,75,23,32,14,2026-05-31,139,9964.24,9574.12,17295,pcs,20478.66,2492662.4952,USD,121.72,CIF,Sea,5,2026
153,30,80,8,13,8,2026-05-22,202,17789.53,16231.5,20490,kg,176592.13,21026824.919099998,USD,119.07,CFR,Road,5,2026
154,46,40,32,1,19,2026-08-12,331,2744.37,2523.89,11565,pcs,81214.18,9885389.989599999,USD,121.72,FCA,Sea,8,2026
155,41,91,31,6,18,2024-10-15,288,8759,8024.87,24124,pcs,124814.81,14793051.2812,USD,118.52,CFR,Sea,10,2024
156,45,39,5,28,10,2025-05-27,107,1449.76,1396.51,8029,kg,237581.51,27806539.930400003,USD,117.04,FCA,Sea,5,2025
157,44,85,53,2,20,2025-02-04,407,14059.91,12918.57,14795,unit,176884.71,20822868.0612,USD,117.72,EXW,Road,2,2025
158,57,12,27,20,9,2025-12-03,39,3244.25,2995.5,5056,pcs,122827.2,14945613.696,USD,121.68,FOB,Sea,12,2025
159,52,45,11,10,18,2024-02-19,,8951.89,8226.7,27816,pcs,243491.07,29681561.433000002,USD,121.9,FOB,Sea,2,2024
160,21,98,48,11,8,2025-12-11,27,1281.53,1166.54,1740,kg,28882.84,3439368.5872,USD,119.08,FOB,Sea,12,2025
161,65,104,19,32,23,2025-09-16,170,20624.78,19731.03,18326,pcs,229212.68,28248170.683199998,USD,123.24,FCA,Air,9,2025
162,11,13,3,38,14,2025-08-16,293,3205.4,3046.78,17027,pcs,480188.86,57315342.3296,USD,119.36,FOB,Sea,8,2025
163,36,76,20,30,25,2024-07-10,67,5184.3,4982.35,6315,pcs,168373.99,20090384.486799996,USD,119.32,CFR,Sea,7,2024
164,12,7,48,24,8,2024-10-04,,7052.28,6593.41,13768,kg,270175.53,32585870.6733,USD,120.61,CIF,Sea,10,2024
165,7,15,37,12,1,2025-11-22,198,15741.15,14614.09,15593,kg,138051.94,16810584.7338,USD,121.77,CFR,Sea,11,2025
166,8,13,2,29,14,2025-09-14,333,7391.41,7150.01,18216,pcs,105733.49,12781064.2712,USD,120.88,CFR,Sea,9,2025
167,35,28,10,26,16,2025-07-20,552,19344.98,18027.75,25796,pcs,607694.28,71786925.2964,USD,118.13,CFR,Sea,7,2025
168,42,5,11,13,18,2026-03-15,112,9086.7,8789.39,13412,pcs,120900.92,14910710.4636,USD,123.33,CFR,Sea,3,2026
169,1,17,11,27,18,2026-06-19,120,4659.12,4364.54,5015,pcs,30367.05,3574809.1259999997,USD,117.72,FOB,Sea,6,2026
170,54,33,34,25,21,2024-07-20,19,337.81,313.89,1136,unit,944.37,110916.2565,USD,117.45,FOB,Sea,7,2024
171,38,61,4,21,15,2025-09-11,94,2719.55,2573,3824,pcs,11360.2,1393555.7340000002,USD,122.67,CIF,Sea,9,2025
172,47,108,59,24,23,2026-01-26,209,18879.42,17439.86,20804,pcs,254770.56,30144452.659199998,USD,118.32,FOB,Road,1,2026
173,40,28,5,21,10,2026-04-25,147,4283.45,4047.87,13634,kg,220938.65,26099482.724499997,USD,118.13,FOB,Sea,4,2026
174,17,101,9,9,11,2025-01-26,231,18196.27,16650.38,27844,kg,352876.05,42655656.923999995,USD,120.88,FCA,Sea,1,2025
175,56,105,11,24,18,2025-02-17,480,3758.56,3440.51,14580,pcs,103151.33,12106871.6021,USD,117.37,EXW,Road,2,2025
176,56,88,21,12,13,2024-12-04,46,3920.31,3826.98,5244,pcs,78101.47,9269863.4743,USD,118.69,FOB,Sea,12,2024
177,74,116,36,21,12,2026-06-02,124,3980.49,3862.37,10947,kg,212339.74,26117788.02,USD,123,CFR,Sea,6,2026
178,56,33,51,32,18,2024-09-02,90,2077.04,1994.04,2991,pcs,40853.43,5042538.8649,USD,123.43,FOB,Sea,9,2024
179,48,55,10,29,16,2026-03-21,219,22975.41,20923.09,21396,pcs,571077.47,68900496.7555,USD,120.65,EXW,Sea,3,2026
180,10,43,29,30,11,2025-10-07,540,33370.27,32305.3,29770,kg,368196.92,44040033.6012,USD,119.61,FOB,Road,10,2025
181,22,117,18,20,25,2025-05-18,38,2837.55,2769.46,4889,pcs,89744.17,10646350.8871,USD,118.63,CIF,Road,5,2025
182,4,77,58,7,25,2024-08-07,36,1690.73,1649.25,3442,pcs,36363.87,4484392.4484,USD,123.32,EXW,Sea,8,2024
183,48,86,60,23,25,2026-06-19,8,151.72,144.99,652,pcs,13770.66,1633337.9826,USD,118.61,EXW,Road,6,2026
184,59,82,58,11,25,2025-02-21,50,652.97,637.05,4136,pcs,37563.21,4495189.3407,USD,119.67,FCA,Road,2,2025
185,59,27,50,18,16,2025-04-25,100,11312.66,10610.47,10501,pcs,298740.74,35813039.911199994,USD,119.88,CIF,Sea,4,2025
186,11,116,35,21,17,2024-01-17,309,19914.27,18816.55,17729,pcs,65693.1,7877916.552000001,USD,119.92,CFR,Road,1,2024
187,59,96,4,25,15,2024-05-16,106,6550.86,6257.7,10829,pcs,252728,31047634.799999997,USD,122.85,CFR,Sea,5,2024
188,69,27,26,3,10,2026-06-07,,22324.62,21317.27,24430,kg,135362.96,16192117.2752,USD,119.62,FOB,Sea,6,2026
189,42,3,10,10,16,2024-10-30,87,9594.92,9016.25,8019,,45974.96,5502283.2128,USD,119.68,FCA,Air,10,2024
190,68,113,9,39,11,2025-01-01,175,7997.27,7651.16,9038,kg,110427.42,13603553.8698,USD,123.19,CIF,Sea,1,2025
191,23,86,7,27,9,2024-12-06,167,4050.64,3894.86,16258,pcs,400559.39,49044491.7116,USD,122.44,FOB,Air,12,2024
192,36,66,25,31,10,2026-02-03,238,6941.21,6581.99,10303,kg,283429.9,34462241.541,USD,121.59,FCA,Sea,2,2026
193,27,60,33,20,20,2024-04-25,15,149.44,145.09,770,unit,20236.67,2432852.4674,USD,120.22,EXW,Sea,4,2024
194,35,89,30,4,16,2024-03-03,104,5332.91,5206.02,12792,pcs,265395.57,32200444.5081,USD,121.33,CFR,Sea,3,2024
195,9,66,36,32,12,2024-10-23,38,2129.66,2025.84,4634,kg,53559.66,6448583.064000001,USD,120.4,CFR,Sea,10,2024
196,69,42,13,2,20,2024-09-11,164,15568.1,15171.87,17077,unit,170947.68,20260719.0336,USD,118.52,CIF,Air,9,2024
197,2,21,39,23,23,2026-06-12,374,22428.4,21922.78,23607,pcs,681395.16,80404628.88000001,USD,118,EXW,Sea,6,2026
198,29,50,48,30,8,2024-10-13,224,9843.42,9524.74,26567,kg,36001,4302119.5,USD,119.5,CIF,Sea,10,2024
199,4,25,52,35,19,2025-02-15,126,5005.14,4651.68,4689,pcs,64986.52,7689854.911599999,USD,118.33,FOB,Road,2,2025
200,73,14,53,32,20,2025-12-31,249,11873.59,11567.84,29967,unit,114490.8,13753779.804,USD,120.13,FOB,Sea,12,2025
201,74,18,58,13,25,2024-03-15,142,9911.87,9291.69,11326,pcs,176878.2,21152863.938,USD,119.59,EXW,Sea,3,2024
202,58,37,9,27,11,2024-01-27,117,4108.57,3884.39,3563,kg,8327.69,996408.1085000001,USD,119.65,FCA,Sea,1,2024
203,6,91,20,30,25,2024-08-02,271,22961.82,21817.68,28012,pcs,654733.09,78842958.6978,USD,120.42,FCA,Sea,8,2024
204,3,77,44,11,15,2024-04-06,733,22091.42,20202.73,25306,pcs,640025.51,75209397.68010001,USD,117.51,CFR,Sea,4,2024
205,50,30,47,8,9,2024-10-29,123,3752.07,3571.69,13152,pcs,47271.08,5605404.6664,USD,118.58,CFR,Road,10,2024
206,31,107,44,1,15,2024-03-01,601,28368.47,26571.07,23814,pcs,532279.41,62702514.498,USD,117.8,EXW,Sea,3,2024
207,14,61,14,22,21,2026-01-21,121,3745.4,3481.15,15550,unit,181710.34,22086891.827,USD,121.55,EXW,Air,1,2026
208,45,26,53,34,20,2026-04-03,744,12442.39,11716.77,23856,unit,333074.04,40714970.6496,USD,122.24,CFR,Sea,4,2026
209,26,103,8,4,8,2024-08-08,246,4522.38,4336.14,12849,kg,353229.58,43168186.9718,USD,122.21,CFR,Road,8,2024
210,18,116,50,9,16,2026-02-13,111,14802.22,14289.1,14409,pcs,175827.06,20592865.2672,USD,117.12,FOB,Road,2,2026
211,31,93,57,28,1,2025-10-14,204,10146.93,9721.11,16265,kg,180165.04,21378383.6464,USD,118.66,CFR,Sea,10,2025
212,61,109,19,4,23,2026-03-30,423,25468.02,24949.12,23248,pcs,57410.05,7009767.105,USD,122.1,CIF,Air,3,2026
213,57,101,11,17,18,2025-05-08,225,10091.81,9407.75,23099,pcs,635555.06,74601452.9428,USD,117.38,CIF,Sea,5,2025
214,36,77,5,24,10,2025-02-16,34,3163.8,3002.88,3169,kg,19222.1,2255136.772,USD,117.32,CIF,Road,2,2025
215,4,49,43,39,14,2025-03-05,98,1209.79,1140.7,7501,pcs,196683.43,24253033.7533,USD,123.31,FOB,Sea,3,2025
216,11,97,2,40,14,2026-08-08,399,7641.64,7108.07,21597,,293440.51,35127763.4521,USD,119.71,EXW,Sea,8,2026
217,67,82,23,29,14,2024-04-23,186,7460.84,7100.27,9028,pcs,119066.75,14172515.2525,USD,119.03,FCA,Sea,4,2024
218,75,87,23,12,14,2025-05-12,75,1245.89,1164.11,4108,pcs,84647.47,10172932.944600001,USD,120.18,FCA,Sea,5,2025
219,74,116,59,38,23,2024-03-03,495,20128.32,19427.39,28166,pcs,32853.55,3983164.4020000002,USD,121.24,EXW,Sea,3,2024
220,17,68,24,39,15,2024-11-08,16,1336.22,1235.12,1226,pcs,29717.05,3505720.3885,USD,117.97,CIF,Air,11,2024
221,68,115,30,1,16,2024-06-03,277,18353.39,17206.22,16155,pcs,218041.5,26263098.675,USD,120.45,CIF,Road,6,2024
222,12,39,10,22,16,2025-01-13,400,13691.83,12781.31,18085,pcs,223191.61,26742818.710199997,USD,119.82,FCA,Sea,1,2025
223,30,18,60,3,25,2024-04-07,173,9676.07,9052.47,10155,pcs,148701.51,17951246.2872,USD,120.72,CFR,Sea,4,2024
224,11,40,23,12,14,2024-04-07,729,5485.8,4996.53,29281,pcs,530443.42,65467326.896400005,USD,123.42,FCA,Sea,4,2024
225,9,57,23,23,14,2026-07-26,133,9605.95,8980.14,9483,pcs,242956.89,28904581.203300003,USD,118.97,CFR,Sea,7,2026
226,47,51,37,5,1,2025-11-22,244,17733.51,,21325,kg,220567.4,26216641.164,USD,118.86,FOB,Sea,11,2025
227,70,46,32,17,19,2024-05-01,241,15296.32,13910.25,25211,pcs,91992.53,11122816.802299999,USD,120.91,CIF,Road,5,2024
228,16,5,31,33,18,2025-10-18,302,12607.15,12184.62,22011,pcs,326103.22,39738938.389199995,USD,121.86,FCA,Sea,10,2025
229,48,22,1,11,13,2025-11-13,147,10496.18,10124.43,11199,pcs,117473.2,14137899.62,USD,120.35,CFR,Sea,11,2025
230,13,106,6,23,10,2025-09-04,609,32337.13,30371.01,28045,kg,467013.96,56405946.088800006,USD,120.78,CFR,Sea,9,2025
231,39,47,15,9,17,2024-02-21,287,12898.19,12543.64,29562,pcs,81391.28,9618821.4704,USD,118.18,FOB,Sea,2,2024
232,59,104,50,20,16,2024-09-23,185,12738.3,11604.1,22928,pcs,252791.71,30049350.5677,USD,118.87,EXW,Sea,9,2024
233,14,58,8,37,8,2024-03-29,274,8745.36,7959.93,15759,kg,147557.52,18074320.624799997,USD,122.49,CFR,Sea,3,2024
234,39,89,2,21,14,2025-02-16,222,15997.11,14916.02,28069,pcs,474679.34,56064376.8474,USD,118.11,FCA,Sea,2,2025
235,80,93,14,37,21,2025-06-13,314,5076.6,4649.73,17732,unit,47777.42,5802567.659,USD,121.45,FOB,Sea,6,2025
236,4,66,54,33,21,2025-12-10,469,27319.96,25025.73,25215,unit,320799.46,38499143.1946,USD,120.01,FOB,Road,12,2025
237,66,30,41,7,13,2026-02-28,517,32773.65,30207.78,28942,pcs,289128.02,33934955.7074,USD,117.37,FCA,,2,2026
238,65,1,59,1,23,2024-09-03,31,687.66,670.75,2395,pcs,3322.73,392181.8219,USD,118.03,EXW,Sea,9,2024
239,55,55,16,11,12,2024-01-06,86,5992.67,5840.84,6570,kg,78427.88,9287429.549600001,USD,118.42,CFR,Sea,1,2024
240,41,115,52,12,19,2024-09-28,34,,1614.09,2437,pcs,68289.34,8070434.2012,USD,118.18,EXW,Sea,9,2024
241,24,23,52,16,19,2025-03-05,359,26191.5,23897.06,22651,pcs,289500.59,34829815.9829,USD,120.31,EXW,Sea,3,2025
242,14,80,7,10,9,2025-11-20,175,14659.85,14088.75,13951,pcs,190985.01,23365106.123400003,USD,122.34,FOB,Road,11,2025
243,17,8,56,19,12,2026-01-27,128,3683.11,3603.1,13505,kg,269617.18,32922953.849799998,USD,122.11,CIF,Sea,1,2026
244,36,80,22,28,14,2024-10-09,159,8776,8584.79,18022,pcs,255053.68,30973718.8992,USD,121.44,FCA,Sea,10,2024
245,61,13,53,24,20,2026-05-23,121,2494.58,2383.3,11049,unit,260055.66,30912816.3042,USD,118.87,CFR,Road,5,2026
246,54,56,26,34,10,2025-04-12,530,13967.74,13669.1,21941,kg,148423.02,17631170.5458,USD,118.79,CIF,Air,4,2025
247,60,74,39,36,23,2024-09-21,180,5011.13,4621.69,11096,pcs,157203.14,19202363.551000003,USD,122.15,CIF,Sea,9,2024
248,4,84,57,10,1,2024-07-25,117,4322.71,4143.23,8204,kg,142531.44,16783077.06,USD,117.75,CFR,Sea,7,2024
249,13,89,35,10,17,2024-10-21,487,22443.91,21403.84,25167,pcs,651149.49,80371381.55070001,USD,123.43,FOB,Air,10,2024
250,56,46,1,11,13,2024-12-09,121,11829.58,11082.71,14900,pcs,92062.63,11234402.7389,USD,122.03,EXW,Sea,12,2024
251,13,12,46,38,10,2026-07-29,185,17693.31,16817.11,20420,kg,482784.9,58460423.541,USD,121.09,EXW,Sea,7,2026
252,50,88,20,30,25,2024-05-08,217,6012.53,5725.11,27081,pcs,264390.64,31647559.608000003,USD,119.7,EXW,Sea,5,2024
253,7,43,58,7,25,2026-05-01,93,3157.81,2973.53,11772,pcs,89857.43,10826921.740699999,USD,120.49,FCA,Sea,5,2026
254,69,28,20,2,25,2024-03-22,149,15533.11,14848.94,15060,pcs,445209.26,53531961.4224,USD,120.24,EXW,Sea,3,2024
255,20,1,45,18,10,2025-11-15,91,7959.27,7465.81,9014,kg,171500.51,21032822.5464,USD,122.64,FOB,Sea,11,2025
256,57,17,37,25,1,2025-05-04,39,1047.66,1023.34,1370,kg,37026.11,4519406.9866,USD,122.06,CIF,Sea,5,2025
257,39,64,23,38,14,2024-02-24,37,2223.42,2153.37,2015,pcs,32061.69,3753141.4314,USD,117.06,CFR,Sea,2,2024
258,31,12,17,29,1,2024-05-26,226,,27329.19,29037,kg,569982.66,66858966.018,USD,117.3,FCA,Sea,5,2024
259,69,95,34,18,21,2024-09-24,200,14230.6,13368.98,17723,unit,185474.28,22058456.1204,USD,118.93,FOB,Road,9,2024
260,29,15,27,1,9,2024-08-26,29,1032.49,941.95,2961,pcs,85879.73,10207664.707799999,USD,118.86,CIF,Sea,8,2024
261,74,73,27,38,9,2024-09-21,31,2264.54,2180,2778,pcs,6572.42,794145.5086,USD,120.83,EXW,Sea,9,2024
262,67,91,15,15,17,2025-11-21,252,8108.44,7581.81,20500,pcs,277041.68,33056613.2576,USD,119.32,EXW,Sea,11,2025
263,9,78,58,11,25,2025-04-05,121,5634.33,5294.9,10166,pcs,19608.61,2342640.6367,USD,119.47,CFR,Sea,4,2025
264,21,53,51,13,18,2025-06-27,447,6812.76,6479.7,15932,pcs,444087.48,54587233.0416,USD,122.92,EXW,Sea,6,2025
265,74,66,28,11,8,2026-01-31,131,9572.49,9005.14,11516,kg,236007.45,27917321.260500003,USD,118.29,FOB,Sea,1,2026
266,78,23,47,30,9,2025-03-10,116,12453.55,12121.34,14088,pcs,100534.55,12101343.7835,USD,120.37,CFR,Sea,3,2025
267,28,13,60,35,25,2024-07-08,393,11342.93,10912,20605,pcs,372217.56,44439054.4884,USD,119.39,CFR,Sea,7,2024
268,46,102,45,35,10,2025-06-21,573,9517.16,8908.22,28542,kg,528190.73,62352915.67649999,USD,118.05,FCA,Sea,6,2025
269,40,75,56,20,12,2026-02-16,571,15400.96,14629.03,25483,kg,757022.07,92424824.5263,USD,122.09,FOB,Sea,2,2026
270,38,70,16,13,12,2024-04-16,479,10146.32,9498.87,20818,kg,259058.51,30701024.0201,USD,118.51,CIF,Sea,4,2024
271,32,37,52,40,19,2024-01-20,131,2872.02,2712.22,12825,pcs,24302.99,2878932.1954,USD,118.46,CFR,Sea,1,2024
272,7,117,47,33,9,2026-05-15,380,14408.7,13993.79,16812,pcs,140440.33,17119676.226999998,USD,121.9,CFR,Road,5,2026
273,57,118,11,28,18,2024-11-02,142,4991.59,4824.94,15654,pcs,126824.47,15334346.6677,USD,120.91,CIF,Sea,11,2024
274,57,29,42,35,14,2026-07-07,77,3604.22,3487.31,9907,pcs,55813.82,6857285.9251999995,USD,122.86,CFR,Sea,7,2026
275,59,2,2,16,14,2025-01-20,106,7366.28,6744.3,6559,pcs,169466.31,20664721.841399997,USD,121.94,CIF,Sea,1,2025
276,9,97,59,36,23,2024-03-31,167,4601.45,4506.21,12524,pcs,47745.71,5728052.8286999995,USD,119.97,FCA,Air,3,2024
277,44,61,6,18,10,2026-03-14,91,9104.43,8507.69,10170,kg,290636.22,35111761.738199994,USD,120.81,CIF,Road,3,2026
278,19,24,54,1,21,2024-09-17,308,25993.65,24158.92,25758,unit,143393.97,17441008.5711,USD,121.63,CIF,Sea,9,2024
279,4,95,43,18,14,2026-03-23,112,3753.74,3561.76,5183,pcs,15398.03,1862545.7088,USD,120.96,EXW,Air,3,2026
280,80,116,11,16,18,2025-12-23,136,14335.95,13613.9,14057,pcs,247158.74,29829588.330599997,USD,120.69,CIF,Road,12,2025
281,60,104,6,38,10,2024-09-03,252,23579.32,22665.84,23257,kg,629886.96,75170709.8064,USD,119.34,FCA,Sea,9,2024
282,78,13,5,7,10,2025-06-22,370,16534.22,15661.59,23940,kg,497867.29,58907657.752799995,USD,118.32,FOB,Sea,6,2025
283,73,42,58,24,25,2025-02-18,197,14858.85,13730.95,15824,pcs,203016.18,24368032.0854,USD,120.03,FCA,Sea,2,2025
284,19,79,33,1,20,2026-03-17,722,31207.57,28744.99,27320,unit,727292.36,86860526.5548,USD,119.43,CFR,Air,3,2026
285,30,57,49,3,11,2025-04-01,254,21682.63,19873.2,27020,kg,725152.79,86242421.3147,USD,118.93,CIF,Sea,4,2025
286,36,21,41,14,13,2026-02-15,118,8674.33,8189.04,13621,pcs,228442.43,27239475.3532,USD,119.24,CIF,Sea,2,2026
287,42,34,22,17,14,2026-07-05,200,17343.57,15776.26,24692,pcs,313672.97,37700354.264299996,USD,120.19,EXW,Sea,7,2026
288,25,62,36,9,12,2024-11-23,123,13285.11,12713.25,14761,kg,322460.58,38456648.7708,USD,119.26,CFR,Sea,11,2024
289,14,57,4,37,15,2026-01-09,41,740.49,687.18,4326,pcs,70911.93,8667565.2039,USD,122.23,FOB,Sea,1,2026
290,56,9,38,28,25,2026-08-12,340,17703.71,16343.32,20350,pcs,290026.26,35333899.2558,USD,121.83,EXW,Sea,8,2026
291,67,49,50,35,16,2025-09-26,217,15202.12,,25051,pcs,625063.37,74670070.1802,USD,119.46,CFR,Sea,9,2025
292,78,30,10,18,16,2026-06-09,246,17415.59,16021.55,17287,pcs,397760.16,48992118.9072,USD,123.17,CIF,Sea,6,2026
293,49,62,22,1,14,2024-09-29,337,6562.36,6350.59,24770,pcs,206015.2,24616756.248,USD,119.49,FOB,Sea,9,2024
294,41,77,54,16,21,2025-12-22,296,12253.39,11357.54,21237,unit,582913.72,69856380.2048,USD,119.84,FCA,Road,12,2025
295,6,30,12,2,19,2024-09-09,34,4504.25,4253.94,4051,pcs,103713.46,12360570.162800001,USD,119.18,CFR,Sea,9,2024
296,8,74,2,17,14,2025-10-23,372,10652.71,10168.78,27766,pcs,46063.05,5423924.1375,USD,117.75,CIF,Road,10,2025
297,12,39,45,36,10,2025-12-19,222,20755.16,19965.39,22728,kg,415948.52,49622658.436000004,USD,119.3,CFR,Sea,12,2025
298,68,40,31,14,18,2026-07-15,66,6130.57,5950.7,6430,pcs,180368.48,21810156.601600002,USD,120.92,EXW,Sea,7,2026
299,15,41,23,24,14,2025-01-24,332,12958.8,12618.47,21040,pcs,359960.4,44221135.14,USD,122.85,FCA,Sea,1,2025
300,34,63,24,13,15,2025-04-13,133,5382.24,4930.47,15721,pcs,225485.62,26442698.657399997,USD,117.27,EXW,Sea,4,2025
301,35,111,6,8,10,2025-01-07,132,5595,5424.77,10045,kg,177066.18,20922139.8288,USD,118.16,CFR,Sea,1,2025
302,33,67,46,40,10,2025-04-27,38,881.72,811.19,2210,kg,63804.34,7824964.257599999,USD,122.64,FCA,Sea,4,2025
303,51,110,11,36,18,2025-11-15,215,10897.15,10394.86,19475,pcs,373275.72,45386594.7948,USD,121.59,FCA,Sea,11,2025
304,30,16,12,28,19,2024-11-22,324,5773.04,5258.69,13324,pcs,277119.89,33004978.899,USD,119.1,CIF,Sea,11,2024
305,24,11,22,5,14,2024-06-09,242,9998.3,9663.72,19283,pcs,558362.53,68148146.7865,USD,122.05,EXW,Sea,6,2024
306,30,1,31,34,18,2025-12-05,114,7687.34,7101.99,7952,pcs,146635.08,17225222.847599998,USD,117.47,CFR,Sea,12,2025
307,4,79,40,15,25,2026-04-01,458,31498.07,30148.61,26444,pcs,651406.99,78605281.4833,USD,120.67,CFR,Sea,4,2026
308,47,61,11,34,18,2026-05-18,117,2964.23,2792.8,3797,pcs,27802.31,3294851.7581,USD,118.51,CIF,Sea,5,2026
309,26,3,11,30,18,2026-08-27,239,13959.57,13672.6,13270,pcs,174092.83,21258475.4713,USD,122.11,FCA,Sea,8,2026
310,9,115,1,40,13,2025-08-11,149,10050.78,9656.18,12511,pcs,66975.87,8186460.5901,USD,122.23,FOB,Sea,8,2025
311,12,115,58,1,25,2025-06-01,46,2242.92,2062.2,4281,pcs,11076.83,1316259.7089,USD,118.83,CIF,Road,6,2025
312,56,96,58,4,25,2024-03-30,335,12333.23,11737.27,25850,pcs,155450.86,18276357.6102,USD,117.57,CIF,Sea,3,2024
313,63,33,58,14,25,2024-04-11,441,3956.21,3819.43,23368,pcs,354223.2,41755830.816,USD,117.88,CFR,Road,4,2024
314,55,66,50,20,16,2024-07-29,382,20914.27,19027.63,26105,pcs,337349.08,40114179.102800004,USD,118.91,CFR,Air,7,2024
315,74,79,6,38,10,2025-11-26,53,782.12,713.05,3017,kg,24596.9,3035503.429,USD,123.41,FCA,Sea,11,2025
316,18,75,41,15,13,2026-02-18,84,7689.28,,10655,,136427.38,16338543.028800001,USD,119.76,EXW,Sea,2,2026
317,30,90,29,4,11,2024-01-18,76,5398.35,5001.6,8307,kg,92856.57,11295073.174800001,USD,121.64,CFR,Sea,1,2024
318,58,12,37,1,1,2024-12-19,277,13705.34,12543.38,21268,kg,217509.03,26125009.5933,USD,120.11,FOB,Air,12,2024
319,7,81,54,16,21,2026-05-03,126,8898.77,8366.97,14965,unit,376313.91,44536751.2485,USD,118.35,CFR,Road,5,2026
320,16,13,21,36,13,2026-05-04,232,20533.31,19172.64,25781,pcs,465169.81,56099479.085999995,USD,120.6,FCA,Sea,5,2026
321,50,16,59,21,23,2026-05-25,234,8585.07,8388.42,12238,pcs,37875.83,4454197.608,USD,117.6,EXW,Air,5,2026
322,1,31,8,3,8,2025-03-09,226,6326.6,6123.91,13785,kg,99812.83,12145225.1544,USD,121.68,EXW,Road,3,2025
323,31,34,45,29,10,2025-07-23,191,19060.45,18155.05,16358,kg,454711.01,54256117.713199995,USD,119.32,CFR,Sea,7,2025
324,21,119,10,22,16,2024-10-06,262,4260.89,3907.79,13333,pcs,119494.99,14666815.0726,USD,122.74,FCA,Sea,10,2024
325,50,114,45,12,10,2026-06-29,751,21817.07,20041.1,22772,kg,67401.67,7972943.5443,USD,118.29,FCA,Sea,6,2026
326,55,93,49,35,11,2026-04-28,201,6994.91,6446.38,9064,kg,153779.93,18984132.3585,USD,123.45,FCA,Sea,4,2026
327,64,49,11,36,18,2025-09-20,752,33627.66,31313.91,29259,pcs,256892.88,30819438.8136,USD,119.97,FCA,Sea,9,2025
328,50,46,25,34,10,2025-10-29,288,28139.02,26361.67,29196,kg,287214.16,35272770.989599995,USD,122.81,FOB,Sea,10,2025
329,80,56,44,22,15,2024-10-29,178,10827.3,10442.28,19333,pcs,237772.31,29177040.160099998,USD,122.71,FCA,Sea,10,2024
330,69,29,49,20,11,2024-03-25,224,17464.79,15951.33,14939,kg,370230.5,43576129.85,USD,117.7,EXW,Road,3,2024
331,75,101,19,36,23,2025-09-15,237,4541.79,4181.48,23292,pcs,66523.37,8085250.3898,USD,121.54,FCA,Sea,9,2025
332,76,70,13,13,20,2026-05-28,130,1925.61,1819.16,9604,unit,232548.42,27447690.0126,USD,118.03,EXW,Road,5,2026
333,4,22,50,6,16,2024-08-08,53,2123.35,2014.11,4773,pcs,45373.66,5390844.544600001,USD,118.81,CFR,Sea,8,2024
334,64,74,14,17,21,2025-09-09,286,30744.3,28799.77,29173,unit,394309.48,47466975.2024,USD,120.38,CIF,Air,9,2025
335,80,82,57,34,1,2026-08-02,116,3970.34,3665.86,11965,kg,339181.36,41234277.9352,USD,121.57,CIF,Sea,8,2026
336,19,10,57,35,1,2026-03-22,94,4145.24,3995.21,9539,kg,129458.96,15163527.9848,USD,117.13,CIF,Air,3,2026
337,43,29,35,29,17,2025-12-20,278,8369.37,7867.27,14355,pcs,312036.16,37172867.74079999,USD,119.13,EXW,Air,12,2025
338,24,47,25,21,10,2026-06-29,7,471.07,431.59,811,kg,2836.25,337400.3,USD,118.96,EXW,Road,6,2026
339,41,83,56,16,12,2026-06-17,58,4436.83,4152.71,7130,kg,158119.57,19360160.1508,USD,122.44,FCA,Sea,6,2026
340,53,23,59,13,23,2025-09-28,390,16756.51,15987.87,18021,pcs,118583.91,14011874.8056,USD,118.16,CFR,Sea,9,2025
341,79,32,45,32,10,2025-10-08,232,24336.15,22203.32,24725,kg,558518.97,67379728.54079999,USD,120.64,FCA,Sea,10,2025
342,8,38,29,9,11,2024-04-28,256,3928.9,3676.17,14076,kg,186932.99,22744136.8933,USD,121.67,CFR,Sea,4,2024
343,20,18,24,16,15,2024-10-26,540,14861.11,13777.08,27492,pcs,639466.07,75380260.3316,USD,117.88,FCA,Road,10,2024
344,54,3,48,7,8,2024-10-12,617,6971.14,6732.17,24849,kg,119213.3,14497529.413,USD,121.61,EXW,Air,10,2024
345,27,34,4,38,15,2025-09-01,158,6149.63,5875.52,17126,pcs,326428.87,39164935.8226,USD,119.98,CFR,Sea,9,2025
346,4,78,2,5,14,2024-02-20,215,21129.81,19808.35,26239,pcs,91765.75,11108244.0375,USD,121.05,CFR,Sea,2,2024
347,58,51,41,18,13,2024-06-22,240,9106.07,8328.99,14183,pcs,214552.7,25518898.138,USD,118.94,FOB,Sea,6,2024
348,31,24,12,9,19,2024-08-16,130,2965.39,2897.07,16441,pcs,340882.34,40172983.769,USD,117.85,CFR,Sea,8,2024
349,67,53,39,3,23,2025-08-31,205,24501.58,23680.09,20657,pcs,255846.66,30716949.9996,USD,120.06,FCA,Air,8,2025
350,46,91,1,15,13,2024-11-18,441,29650.81,27015.51,23990,pcs,557402.09,67819112.2903,USD,121.67,EXW,Sea,11,2024
351,75,92,36,7,12,2024-04-11,47,1555.94,1466.18,3426,kg,68298.37,8332401.14,USD,122,CIF,Sea,4,2024
352,20,41,30,11,16,2025-12-26,193,17287.67,16506.14,15036,pcs,298914.47,36380880.143699996,USD,121.71,EXW,Sea,12,2025
353,42,2,38,23,25,2025-06-01,319,6181.74,5980.17,28379,pcs,366766.99,45240708.2165,USD,123.35,CIF,Air,6,2025
354,9,81,10,10,16,2024-07-23,28,972.2,941.99,971,pcs,20489.28,2455025.5295999995,USD,119.82,FCA,Sea,7,2024
355,58,48,23,35,14,2026-07-08,94,7886.83,7598.33,11985,pcs,207239.62,24852175.2304,USD,119.92,EXW,Sea,7,2026
356,75,42,18,7,25,2025-09-10,36,5532.21,5216.76,4651,pcs,43012.62,5257432.5426,USD,122.23,EXW,Sea,9,2025
357,74,117,32,6,19,2024-03-10,225,11163.32,10581.11,11628,pcs,95099.68,11664926.748799998,USD,122.66,FCA,Sea,3,2024
358,68,17,54,35,21,2024-05-25,341,10156.94,9401.05,23574,unit,458092.73,55763628.0229,USD,121.73,FCA,Sea,5,2024
359,46,108,39,21,23,2024-04-20,188,21084.64,19490.05,18059,pcs,377332.1,44234642.083,USD,117.23,EXW,Sea,4,2024
360,19,74,14,16,21,2024-08-02,156,20283.75,18561.76,19812,unit,375888.49,45786976.9669,USD,121.81,FOB,Sea,8,2024
361,30,45,10,28,16,2025-11-04,819,6306.72,5860.44,28297,pcs,589372.82,72162808.0808,USD,122.44,EXW,Sea,11,2025
362,25,79,24,14,15,2024-05-05,135,7813,7282.61,12384,pcs,38006.81,4602624.691,USD,121.1,FOB,Sea,5,2024
363,38,112,24,21,15,2025-03-08,90,1326.24,1255.59,5704,pcs,19358.53,2310827.7261,USD,119.37,EXW,Sea,3,2025
364,60,75,59,16,23,2026-05-02,193,4291.3,4027.1,23639,pcs,20393.86,2401784.8922,USD,117.77,FCA,Air,5,2026
365,5,72,52,4,19,2025-06-03,273,5764.65,5262.9,20033,pcs,600260.5,73399853.94,USD,122.28,EXW,Sea,6,2025
366,16,99,5,20,10,2025-02-23,123,3097.09,3001.96,15447,kg,80818.63,9965745.2653,USD,123.31,EXW,Road,2,2025
367,2,86,25,33,10,2026-07-02,349,24912.16,22782.45,23926,kg,627979.21,74051308.44319999,USD,117.92,CIF,Air,7,2026
368,37,112,35,16,17,2025-07-05,308,10747.24,10174.88,19668,pcs,148343.6,17443723.924000002,USD,117.59,FOB,Sea,7,2025
369,63,42,9,25,11,2024-05-08,115,6736.11,6360.11,7266,kg,17904.36,2113967.7852,USD,118.07,CFR,Sea,5,2024
370,72,31,47,35,9,2025-08-23,55,3966.88,3734.94,6642,pcs,162220.55,19229623.997,USD,118.54,EXW,Sea,8,2025
371,56,79,35,6,17,2024-05-15,151,4265.85,3945.8,15526,pcs,211465.38,24935997.6096,USD,117.92,CFR,Sea,5,2024
372,61,9,6,20,10,2026-01-09,32,3011.17,2790.39,3413,kg,55256.3,6559475.373,USD,118.71,FOB,Sea,1,2026
373,34,44,24,30,15,2024-01-27,216,24356.17,23035.2,20342,pcs,404407.22,48504601.9668,USD,119.94,EXW,Sea,1,2024
374,70,71,37,39,1,2024-08-09,115,1631.49,1594.58,8543,kg,175481.17,20898052.5353,USD,119.09,FOB,Sea,8,2024
375,27,15,19,12,23,2024-03-30,147,2424.16,2361.93,12464,pcs,139563.03,16405634.1765,USD,117.55,EXW,Sea,3,2024
376,23,53,22,27,14,2025-02-03,111,6505.19,6060.08,5454,pcs,40547.27,4990152.5189,USD,123.07,CIF,Sea,2,2025
377,71,118,59,9,23,2026-06-24,117,6313.88,6152.25,6309,pcs,106275.86,12949713.541,USD,121.85,CIF,Sea,6,2026
378,60,47,31,30,18,2026-01-14,60,4038.46,3806.14,7614,pcs,59801.29,7057150.2329,USD,118.01,FCA,Sea,1,2026
379,52,114,51,23,18,2026-01-25,128,8950.38,8280.33,10854,pcs,305480.54,36006991.2498,USD,117.87,FCA,Sea,1,2026
380,58,22,30,20,16,2024-10-02,176,15896.49,15341.68,14223,pcs,403992.49,48390220.4522,USD,119.78,FCA,Sea,10,2024
381,65,51,52,30,19,2025-05-24,354,21780.42,20198.8,18546,pcs,313523.93,37892502.1798,USD,120.86,FCA,Sea,5,2025
382,44,80,49,29,11,2024-08-25,329,17122.15,16613.55,28140,kg,45205.05,5537618.625,USD,122.5,CIF,Sea,8,2024
383,50,18,28,40,8,2025-10-13,111,7558,7309.91,7377,kg,142869.56,16748598.5188,USD,117.23,EXW,Sea,10,2025
384,17,101,8,22,8,2026-02-03,76,5402.51,5039.87,5406,kg,134165.15,16411081.147999998,USD,122.32,FCA,Sea,2,2026
385,38,50,34,15,21,2026-06-03,150,11726.14,10920.27,18628,unit,275440.19,33193297.2969,USD,120.51,CFR,Sea,6,2026
386,32,61,16,15,12,2024-05-22,99,1584.01,1452.07,9256,kg,162262.34,19745704.1546,USD,121.69,EXW,Sea,5,2024
387,68,76,47,11,9,2026-08-25,22,1053.52,1007.17,2563,pcs,55454.68,6833680.2164,USD,123.23,FOB,Air,8,2026
388,51,86,45,15,10,2024-07-09,156,2143.13,2092.47,7611,kg,137038.88,16705039.472000001,USD,121.9,CFR,Sea,7,2024
389,56,107,36,22,12,2025-07-18,245,18344.73,16689.93,23153,kg,304273.33,37322166.657800004,USD,122.66,CIF,Sea,7,2025
390,77,28,33,19,20,2025-05-01,143,6233.67,5974.9,5650,unit,145300.36,17931517.427599996,USD,123.41,CFR,Sea,5,2025
391,30,12,42,1,14,2024-11-17,17,766.14,733.82,1958,pcs,13381.93,1632327.8214,USD,121.98,FCA,Sea,11,2024
392,54,22,3,39,14,2024-10-22,344,6034.27,5722.64,20133,pcs,46283.2,5579902.592,USD,120.56,FOB,Sea,10,2024
393,37,26,10,3,16,2024-05-17,54,3405.22,3255.16,4597,pcs,96568.98,11859636.433799999,USD,122.81,EXW,Road,5,2024
394,43,40,51,14,18,2024-06-16,693,16898.59,16058.78,28912,pcs,745691.2,91250232.144,USD,122.37,CIF,Sea,6,2024
395,43,14,37,16,1,2025-09-10,291,16208.33,14742.63,22598,kg,553935.53,65414246.73770001,USD,118.09,CFR,Sea,9,2025
396,80,96,47,20,9,2024-05-31,123,4583.28,4291.57,15028,pcs,107277.37,12616891.4857,USD,117.61,CIF,Sea,5,2024
397,14,8,19,29,23,2025-05-28,143,3900.02,3574.54,14404,pcs,36852.27,4427431.7178,USD,120.14,CFR,Sea,5,2025
398,58,85,43,18,14,2026-03-24,234,3315.04,3057.66,12228,pcs,265812.84,32011840.321200006,USD,120.43,EXW,Sea,3,2026
399,20,71,50,4,16,2025-04-01,172,1919.26,1827.05,11633,pcs,228055.99,27786341.8216,USD,121.84,EXW,Sea,4,2025
400,45,118,60,14,25,2024-08-12,842,28954.09,28028.13,29734,pcs,52688.75,6392199.149999999,USD,121.32,CFR,Road,8,2024
401,74,5,58,17,25,2024-07-11,77,10849.51,10218.11,9141,pcs,236387.27,27933883.6959,USD,118.17,FOB,Sea,7,2024
402,40,10,4,27,15,2024-08-28,225,28539.27,27201.93,25376,pcs,240436.48,29217841.0496,USD,121.52,CIF,Sea,8,2024
403,14,106,53,23,20,2025-02-06,225,14109.2,13522.79,11954,unit,100333.3,12132302.636,USD,120.92,FCA,Sea,2,2025
404,12,75,21,17,13,2024-07-10,625,29656.91,27999.12,26743,,141345.98,17269651.836400002,USD,122.18,FCA,Sea,7,2024
405,6,39,53,20,20,2026-01-28,99,7713.18,7192.32,12787,unit,184404.29,22517607.8519,USD,122.11,FCA,Road,1,2026
406,77,106,33,13,20,2026-02-15,264,10597.37,10165.2,16057,unit,437978.47,51304797.9758,USD,117.14,FOB,Sea,2,2026
407,31,23,45,10,10,2025-10-27,232,5070.26,4924.97,20205,kg,244141.19,28698796.8845,USD,117.55,CFR,Sea,10,2025
408,77,96,38,32,25,2024-09-12,155,6202.82,6018.1,18603,pcs,225718.93,27756656.8221,USD,122.97,EXW,Sea,9,2024
409,65,35,9,21,11,2026-04-03,208,11777.56,11173.55,9835,kg,127629.07,15298896.620900001,USD,119.87,FOB,Air,4,2026
410,49,31,48,1,8,2025-02-13,620,10994.78,10683.59,25209,kg,30147.72,3561953.1180000002,USD,118.15,CIF,Sea,2,2025
411,20,18,15,11,17,2024-09-16,27,335.97,308.22,1580,pcs,42037.33,4924673.209500001,USD,117.15,CFR,Sea,9,2024
412,67,104,29,35,11,2026-05-26,392,24556.87,23105.38,20153,kg,268353.36,32006505.247199997,USD,119.27,EXW,Air,5,2026
413,7,22,36,14,12,2024-02-13,273,9590.93,9018.55,28659,kg,383920.57,47398833.5722,USD,123.46,CFR,Sea,2,2024
414,47,47,8,6,8,2024-11-29,4,655.46,598.45,544,kg,12128.7,1450956.381,USD,119.63,FCA,Road,11,2024
415,48,42,24,36,15,2026-07-01,301,18475.72,17272.95,21514,pcs,415442.31,51182492.592,USD,123.2,CFR,Sea,7,2026
416,79,115,5,31,10,2024-01-16,158,8214.41,7477.52,13367,kg,214780.98,25406442.1242,USD,118.29,CFR,Air,1,2024
417,50,66,17,5,1,2024-01-15,171,12255.59,11173.6,15992,kg,379842.44,46804185.4568,USD,123.22,FCA,Sea,1,2024
418,37,79,14,13,21,2024-03-28,813,25201.33,23479.04,28801,unit,614956.46,75258371.5748,USD,122.38,FCA,Sea,3,2024
419,1,98,58,12,25,2025-06-28,83,9033.19,8832.89,9284,pcs,156940.15,18870483.636,USD,120.24,FCA,Road,6,2025
420,3,59,3,4,14,2026-02-12,65,3180.63,2962.67,7638,pcs,97738.67,11878180.5651,USD,121.53,FCA,,2,2026
421,50,119,55,24,17,2025-06-07,179,18948.06,17810.67,23383,pcs,231376.32,28533327.7824,USD,123.32,CFR,Air,6,2025
422,28,38,51,3,18,2024-02-29,508,21163.56,20046.54,24709,pcs,228621.29,28031256.3669,USD,122.61,FOB,Sea,2,2024
423,60,45,10,12,16,2025-02-02,414,11721.67,10974.92,28071,pcs,260282.79,32111087.802300002,USD,123.37,CFR,Sea,2,2025
424,75,111,31,1,18,2025-07-07,388,11537.49,10705.07,28744,pcs,478898.04,56830830.4068,USD,118.67,FCA,Sea,7,2025
425,1,114,39,11,23,2026-03-31,380,8213.78,7767.32,29145,pcs,574146.01,68248736.2087,USD,118.87,CIF,Sea,3,2026
426,70,60,5,29,10,2025-04-10,53,1318.46,1238.45,3830,kg,88921.81,10435863.6216,USD,117.36,CFR,Sea,4,2025
427,24,111,49,15,11,2026-05-22,149,1439.73,1396.76,7778,kg,151112.65,18302764.168,USD,121.12,CFR,Sea,5,2026
428,26,79,12,18,19,2025-12-11,361,12532.72,12211.94,16489,pcs,341140.66,40015799.418,USD,117.3,FOB,Sea,12,2025
429,16,41,1,31,13,2024-03-12,455,20747.9,19255.95,27808,pcs,525429.18,63492862.111200005,USD,120.84,CIF,Sea,3,2024
430,45,21,16,2,12,2026-01-05,12,1651.63,1519.44,1491,kg,37099.71,4457159.1594,USD,120.14,CFR,Sea,1,2026
431,8,105,54,11,21,2025-03-13,350,25443.48,23401.9,29099,unit,612122.2,72622177.808,USD,118.64,CFR,Sea,3,2025
432,47,109,37,29,1,2025-02-24,226,7095.69,6548.63,14958,kg,281200.65,34323351.339,USD,122.06,EXW,Sea,2,2025
433,17,97,35,2,17,2026-02-12,259,14741.45,14039.38,29524,pcs,874300.46,105624238.57259999,USD,120.81,CIF,Sea,2,2026
434,13,70,34,20,21,2025-11-05,182,27333.51,25524.5,23294,unit,236681.05,29118869.581499998,USD,123.03,CIF,Sea,11,2025
435,37,82,51,25,18,2024-03-27,141,9920.49,9209.77,17053,pcs,132001.78,16160977.9254,USD,122.43,FOB,Sea,3,2024
436,8,1,19,22,23,2025-01-11,655,19888.1,18681.43,20662,pcs,256932.26,30944921.3944,USD,120.44,EXW,Sea,1,2025
437,33,56,32,34,19,2025-08-26,151,10535.28,9992.09,13943,pcs,31431.98,3816156.6917999997,USD,121.41,CIF,Sea,8,2025
438,12,59,14,10,21,2024-11-11,108,10616.32,10306.9,10894,unit,288326.67,35458413.8766,USD,122.98,FOB,Sea,11,2024
439,40,58,12,8,19,2025-05-01,137,9489.48,8842.67,15641,pcs,59175.35,7140689.4845,USD,120.67,CIF,Sea,5,2025
440,2,89,34,26,21,2026-04-17,214,1938.28,1808.78,10929,unit,248681.08,29635324.3036,USD,119.17,CIF,Sea,4,2026
441,44,87,57,4,1,2024-07-28,65,3594.99,3387.6,3742,kg,24874.78,2950148.908,USD,118.6,EXW,Sea,7,2024
442,43,4,41,20,13,2025-08-16,15,604.45,589.94,764,pcs,14069.93,1707948.8027000001,USD,121.39,CFR,Sea,8,2025
443,48,65,25,8,10,2025-12-26,363,13118.51,12590.14,25158,kg,244517.29,28642755.3506,USD,117.14,EXW,Air,12,2025
444,26,109,26,6,10,2025-04-28,45,1549.4,1495.96,4286,kg,86494.84,10502203.4728,USD,121.42,CFR,Road,4,2025
445,18,6,52,8,19,2024-12-01,32,2616.28,2454.16,4163,pcs,86128.52,10583472.5376,USD,122.88,CIF,Sea,12,2024
446,9,71,52,16,19,2026-08-14,6,668.46,629.37,644,pcs,5181.68,618899.8592000001,USD,119.44,CFR,Sea,8,2026
447,56,36,25,38,10,2025-06-03,154,5585.31,5275.69,14358,kg,236525.53,28901054.5107,USD,122.19,CFR,Sea,6,2025
448,46,53,53,36,20,2024-08-27,238,25501.13,24761.19,22154,unit,175220.42,21368130.219,USD,121.95,FOB,Air,8,2024
449,80,85,13,32,20,2025-03-16,83,5167.75,4854.52,8558,unit,189098.6,22321198.744000003,USD,118.04,CIF,Sea,3,2025
450,22,36,32,35,19,2024-01-30,287,7668.84,7276.33,17756,pcs,161225.44,19050397.9904,USD,118.16,EXW,Sea,1,2024
451,23,56,48,19,8,2025-04-18,774,31139.61,29149.82,29628,kg,321385.59,38238457.49820001,USD,118.98,EXW,Sea,4,2025
452,64,81,19,16,23,2025-06-03,438,29056.1,26482.29,28384,pcs,772072.31,94192821.82000001,USD,122,FCA,Sea,6,2025
453,5,91,25,30,10,2026-08-04,53,820.21,758.48,3210,kg,29631.55,3537710.7545,USD,119.39,FOB,Sea,8,2026
454,75,87,8,12,8,2024-01-10,462,30024.85,28063.64,27064,kg,298014.06,34909366.9884,USD,117.14,CFR,Sea,1,2024
455,18,76,3,25,14,2026-05-01,292,16099.18,14778.73,19878,pcs,418929.67,49814927.0597,USD,118.91,FOB,Road,5,2026
456,43,112,33,11,20,2025-06-09,174,10705.21,10151.37,10500,unit,200720.03,24650426.8843,USD,122.81,EXW,Air,6,2025
457,5,40,59,7,23,2024-08-09,72,7714.2,7201.98,7467,pcs,197829.83,24058085.6263,USD,121.61,FOB,Sea,8,2024
458,60,2,60,17,25,2025-06-12,221,2125.06,1944.26,9501,pcs,22031,2658480.77,USD,120.67,CFR,Sea,6,2025
459,5,21,30,12,16,2025-09-02,209,4226.06,3890.38,19527,pcs,79628.41,9630259.9054,USD,120.94,CIF,Sea,9,2025
460,40,43,51,35,18,2026-03-24,254,14800.05,14061.68,15888,pcs,379386.39,45469458.8415,USD,119.85,FCA,Sea,3,2026
461,24,8,56,28,12,2026-07-06,222,5866.17,5477.66,15475,kg,295708.9,36049871.999000005,USD,121.91,CIF,Sea,7,2026
462,79,106,39,38,23,2026-02-22,314,9167,8423.86,12428,pcs,326274.75,40265566.8975,USD,123.41,FOB,Air,2,2026
463,67,17,25,17,10,2024-10-27,139,3665.86,3394.83,13735,kg,391477.57,48034297.839,USD,122.7,FCA,Sea,10,2024
464,69,45,7,4,9,2026-03-21,173,3327.61,3137.11,18226,pcs,387626.95,45631444.554,USD,117.72,EXW,Air,3,2026
465,62,94,52,23,19,2024-06-19,29,400.06,390.13,1579,pcs,18354.87,2197628.5851,USD,119.73,CFR,Air,6,2024
466,74,50,31,31,18,2025-04-01,343,10972.02,10343.7,18272,pcs,355149.16,42632105.1664,USD,120.04,CIF,Sea,4,2025
467,1,103,47,5,9,2025-02-06,240,14009.68,12900.73,11799,pcs,119055.89,14343853.6272,USD,120.48,FOB,Sea,2,2025
468,30,20,35,31,17,2026-01-01,121,12965.63,12016.09,15387,pcs,235704.14,28454203.7808,USD,120.72,EXW,Air,1,2026
469,77,13,22,40,14,2025-08-06,57,2091.8,2034.92,2103,pcs,14757.67,1820801.3246,USD,123.38,CIF,Sea,8,2025
470,62,94,15,25,17,2024-09-11,292,13789.32,12779.63,14037,pcs,129856.38,15269811.724200001,USD,117.59,FCA,Sea,9,2024
471,41,94,59,13,23,2024-06-19,725,32740.84,30437.82,28141,pcs,346465.36,41298670.912,USD,119.2,CIF,Road,6,2024
472,63,44,30,40,16,2026-01-27,80,2215.67,2120.98,9593,pcs,125784.32,15198519.3856,USD,120.83,CIF,Sea,1,2026
473,73,96,1,4,13,2026-03-30,25,1508.75,1389.43,2729,pcs,44906.88,5450348.0256,USD,121.37,CIF,Sea,3,2026
474,60,70,16,21,12,2026-02-26,258,7680.61,7460.47,29570,kg,722818.84,88212811.2336,USD,122.04,CFR,Sea,2,2026
475,24,106,51,10,18,2024-12-25,779,,27107.56,26939,pcs,514137.32,62313443.184,USD,121.2,CIF,Air,12,2024
476,77,102,14,21,21,2024-01-05,285,20327.6,19210.49,26158,unit,686453.68,82292067.1584,USD,119.88,FCA,Sea,1,2024
477,42,84,26,15,10,2025-11-28,511,19367.18,18236.26,22138,kg,165438.24,20348903.52,USD,123,FOB,Sea,11,2025
478,42,49,5,13,10,2024-07-12,159,6142.69,5766.69,10357,kg,245029.64,29565276.3624,USD,120.66,FCA,Sea,7,2024
479,42,20,2,27,14,2026-03-30,346,15984.55,15056.49,16406,pcs,96401.79,11651120.339399999,USD,120.86,EXW,Sea,3,2026
480,77,21,31,25,18,2025-03-25,261,12538.45,11582.38,10447,pcs,125049.4,15037190.35,USD,120.25,CIF,Air,3,2025
481,36,25,22,38,14,2025-01-24,199,5772.51,5415.82,20183,pcs,88380.68,10546466.5444,USD,119.33,CFR,Sea,1,2025
482,75,12,59,26,23,2024-02-01,643,14386.08,13844,22165,pcs,479469.32,56927392.3636,USD,118.73,FOB,Air,2,2024
483,14,56,6,16,10,2024-05-05,283,25250.23,22982.5,29374,kg,370908.41,43871046.734799996,USD,118.28,CIF,Sea,5,2024
484,27,112,2,37,14,2024-12-13,184,4746.67,4348.34,16715,pcs,466955.2,56370831.744,USD,120.72,FCA,Sea,12,2024
485,69,12,32,30,19,2025-02-03,215,8147.13,7643.2,21860,pcs,469559.62,57004537.868,USD,121.4,CIF,Sea,2,2025
486,34,77,9,30,11,2024-12-03,118,3803.97,3487.64,10999,kg,109644.37,13522440.152099999,USD,123.33,,Sea,12,2024
487,77,111,40,14,25,2024-01-11,158,7815.84,7178.6,8312,pcs,192404.75,22540216.462500002,USD,117.15,FOB,Air,1,2024
488,65,6,56,9,12,2024-03-08,264,25979.41,23684.99,22768,kg,464328.79,56559889.9099,USD,121.81,FOB,Sea,3,2024
489,52,76,39,16,23,2024-06-24,159,11962.89,10974.2,10859,pcs,127219.43,15144200.9472,USD,119.04,FCA,Sea,6,2024
490,15,64,57,34,1,2024-11-17,284,23129.69,21220.07,27307,kg,726260.8,86265257.824,USD,118.78,CFR,Sea,11,2024
491,69,29,3,7,14,2024-10-31,149,6981.78,6480.49,18076,pcs,339635.98,41384644.162999995,USD,121.85,FOB,Air,10,2024
492,46,30,17,30,1,2024-04-27,378,8395.33,8079.54,16577,kg,69406.71,8378778.031200001,USD,120.72,FOB,Sea,4,2024
493,38,3,18,30,25,2025-03-04,236,13920.89,12969.02,21452,pcs,149588.42,17989503.389200002,USD,120.26,FCA,Sea,3,2025
494,74,48,10,4,16,2025-11-08,263,10067.44,9729.54,23442,pcs,434525.26,53255415.865600005,USD,122.56,CIF,Air,11,2025
495,38,54,55,28,17,2024-03-02,247,4050.8,3808.86,13815,pcs,41757.74,4896512.5924,USD,117.26,CFR,Sea,3,2024
496,65,51,52,6,19,2025-02-22,162,5763.93,5361.6,13147,pcs,281120.03,33950866.0231,USD,120.77,FCA,Sea,2,2025
497,75,67,21,13,13,2024-04-17,102,4040.82,3818.83,11556,pcs,245575.47,29142441.0249,USD,118.67,EXW,Road,4,2024
498,25,118,45,7,10,2024-06-27,20,700.79,672.7,978,kg,4734.1,555451.953,USD,117.33,EXW,Sea,6,2024
499,62,35,2,20,14,2026-04-05,91,8973.42,8743.4,10248,pcs,267619.27,31726264.4585,USD,118.55,CFR,Sea,4,2026
500,73,113,32,13,19,2024-06-20,272,20192.62,18420.15,25662,pcs,707487.86,83243021.60759999,USD,117.66,FCA,Air,6,2024
501,40,101,32,6,19,2025-10-25,93,8566.59,8063.36,10281,pcs,292615.38,34844639.4504,USD,119.08,CFR,Sea,10,2025
502,21,77,52,7,19,2026-07-24,528,31153.45,28576.35,26401,pcs,597152.43,70917822.58680001,USD,118.76,CIF,Sea,7,2026
503,4,14,6,26,10,2025-12-14,192,14509.17,13706.18,13853,kg,12134.07,1445289.0777,USD,119.11,FCA,Sea,12,2025
504,58,117,32,14,19,2025-06-19,66,809.05,788.03,4243,pcs,119836.49,14657201.0919,USD,122.31,FCA,Air,6,2025
505,49,58,16,5,12,2024-09-15,244,28590.73,27134.66,28101,kg,567571.43,68085868.7428,USD,119.96,CIF,Air,9,2024
506,26,29,45,26,10,2026-01-25,6,628.63,596.55,779,kg,22244.97,2683410.7311,USD,120.63,CFR,Road,1,2026
507,31,8,11,33,18,2026-07-08,264,14110.88,13584.18,21360,pcs,501237.05,58955501.821,USD,117.62,CFR,Road,7,2026
508,65,93,59,9,23,2025-02-23,103,4621.18,4237.87,7702,pcs,82782.17,9688825.1768,USD,117.04,FOB,Air,2,2025
509,46,120,50,4,16,2026-04-03,107,7604.45,7437.93,11030,pcs,169978.83,20043903.6336,USD,117.92,CIF,Sea,4,2026
510,15,115,27,29,9,2026-01-02,431,26230.5,25007.27,22517,pcs,46469.38,5737109.6548,USD,123.46,FOB,Sea,1,2026
511,12,94,53,2,20,2024-09-07,304,20450.96,19851.44,20171,unit,131527.83,15904345.203599999,USD,120.92,FCA,Sea,9,2024
512,1,67,21,20,13,2025-07-31,164,18211.27,16784.91,18441,pcs,520871.19,64306757.1174,USD,123.46,CIF,Sea,7,2025
513,26,94,11,36,18,2025-04-13,329,8028.6,7616.59,29990,pcs,738316.84,88413441.58999999,USD,119.75,CFR,Sea,4,2025
514,67,59,20,8,25,2025-05-24,570,18213.13,17194.66,26314,,222590.86,26236784.6682,USD,117.87,EXW,Air,5,2025
515,53,112,58,33,25,2026-04-19,184,18443.29,17809.39,23667,pcs,276842.35,32650786.758999996,USD,117.94,CFR,Sea,4,2026
516,43,73,40,18,25,2026-07-14,95,4272.11,4125.82,10122,pcs,58908.33,6943524.857100001,USD,117.87,CIF,Sea,7,2026
517,58,65,10,22,16,2024-01-27,288,17676.59,17244.62,27840,pcs,588130.97,70146380.7919,USD,119.27,CIF,Sea,1,2024
518,14,92,48,25,8,2024-07-03,12,524.17,499.33,762,kg,4439.3,527655.198,USD,118.86,CFR,Sea,7,2024
519,24,39,1,19,13,2025-07-03,318,4958.23,4774.64,27249,pcs,405557.2,48447863.111999996,USD,119.46,CIF,Sea,7,2025
520,80,60,56,4,12,2024-09-16,276,16315.78,15327.55,19562,kg,466021.76,56640284.71040001,USD,121.54,FCA,Sea,9,2024
521,41,25,22,36,14,2024-04-15,,28719.12,27124.17,24342,pcs,439026.9,51695417.475,USD,117.75,FCA,Sea,4,2024
522,2,15,58,12,25,2024-01-05,56,586.4,552.92,3137,pcs,82420.36,9778351.510400001,USD,118.64,EXW,Road,1,2024
523,60,30,42,1,14,2025-03-31,253,14594.39,14062.67,26270,pcs,21249.18,2492953.7975999997,USD,117.32,CFR,Sea,3,2025
524,37,32,31,21,18,2025-04-06,69,3392.6,3216.05,6426,pcs,77294.24,9151638.016,USD,118.4,CIF,Air,4,2025
525,19,73,31,18,18,2024-03-13,476,11547.06,11098.61,19907,pcs,279489.37,32719820.5459,USD,117.07,FCA,Air,3,2024
526,20,89,23,8,14,2025-05-01,43,2608.92,2474.63,4443,pcs,32733.2,3980684.452,USD,121.61,CIF,Sea,5,2025
527,17,25,27,16,9,2026-02-27,201,20075.25,18777.62,24954,pcs,502338.69,61029127.4481,USD,121.49,CIF,,2,2026
528,34,84,25,17,10,2026-07-01,402,4752.53,4558.56,26562,kg,664340.28,82006164.1632,USD,123.44,CFR,Sea,7,2026
529,65,62,58,14,25,2025-09-03,504,4701.47,4472.23,26413,pcs,203779.83,24325198.307099998,USD,119.37,CFR,Sea,9,2025
530,11,20,41,24,13,2026-05-15,352,14566.36,13812.32,22885,pcs,337448.64,40541079.6096,USD,120.14,CFR,Sea,5,2026
531,38,81,42,16,14,2024-09-15,326,12984.74,12636.89,14884,pcs,311366.29,37980460.0542,USD,121.98,EXW,Air,9,2024
532,61,10,28,3,8,2026-01-30,79,3820.89,3479.85,9175,kg,206367.36,25199518.3296,USD,122.11,CIF,Air,1,2026
533,61,80,33,31,20,2025-09-30,172,16687.56,16021,22065,unit,659870.4,78029674.8,USD,118.25,EXW,Road,9,2025
534,26,49,9,35,11,2024-03-21,137,9580.82,9065.29,16474,kg,282310.39,33699391.254300006,USD,119.37,EXW,Road,3,2024
535,32,28,20,3,25,2025-09-18,80,1444.44,1329.23,5316,pcs,23691.93,2852982.2106,USD,120.42,EXW,Sea,9,2025
536,57,31,53,9,20,2026-02-23,51,6075.77,5820.93,5465,unit,123920.01,15072390.8163,USD,121.63,EXW,Sea,2,2026
537,31,104,30,31,16,2026-05-10,50,2664.83,2494.32,2237,pcs,30788.35,3721387.8645,USD,120.87,FCA,Sea,5,2026
538,15,97,30,29,16,2025-07-16,179,9660.03,9048.03,9213,pcs,132201.18,15883971.777,USD,120.15,EXW,Sea,7,2025
539,20,52,20,31,25,2025-12-10,433,20050.04,19441.72,17796,pcs,64054.21,7846000.182899999,USD,122.49,CFR,Air,12,2025
540,67,1,56,3,12,2026-06-06,232,7705.06,7129.89,20195,kg,281881.48,33594634.7864,USD,119.18,FCA,Sea,6,2026
541,9,31,34,21,21,2026-03-04,181,22644.13,21705.15,22399,unit,472884.06,57048732.9984,USD,120.64,CFR,Sea,3,2026
542,17,14,19,36,23,2025-10-11,67,1949.59,1831.98,5715,pcs,142002.47,16913914.2017,USD,119.11,FCA,Sea,10,2025
543,41,98,15,25,17,2026-06-11,42,2663.22,2486.17,3436,pcs,50759.1,6182965.971,USD,121.81,EXW,Air,6,2026
544,21,12,7,9,9,2024-06-23,203,7978.27,7301.81,9581,pcs,60801.18,7177579.299,USD,118.05,FCA,Sea,6,2024
545,9,63,56,37,12,2024-06-07,151,13615.33,13307.05,12008,kg,214917.75,26359662.0375,USD,122.65,CFR,Road,6,2024
546,14,35,41,10,13,2026-02-23,51,5818.47,5573.61,5718,pcs,73171.57,8700099.673,USD,118.9,CIF,Sea,2,2026
547,65,13,18,34,25,2025-12-28,177,16913.29,15698.04,17544,pcs,90531.46,10607571.168200001,USD,117.17,CFR,Sea,12,2025
548,10,7,57,31,1,2025-08-26,18,847.29,817.48,2200,kg,63027.29,7586594.8973,USD,120.37,FOB,Air,8,2025
549,42,26,40,12,25,2025-08-18,248,9799.7,9571.28,15540,pcs,368616.83,44938077.7453,USD,121.91,CFR,Sea,8,2025
550,18,23,28,36,8,2026-06-13,135,11909.97,11395.97,17171,kg,77224.63,9179691.7681,USD,118.87,FOB,Sea,6,2026
551,30,11,6,26,10,2024-05-15,258,5823.08,5316.1,18971,kg,442942.99,53095576.2113,USD,119.87,EXW,Sea,5,2024
552,12,40,11,12,18,2024-05-09,605,19540.08,18131.61,18557,pcs,33219.13,3939124.4354,USD,118.58,CIF,Road,5,2024
553,5,59,5,34,10,2024-02-01,561,10576.16,10195.8,22123,kg,49251.39,5936762.550600001,USD,120.54,FOB,Sea,2,2024
554,10,44,28,27,8,2026-08-20,108,6001.39,5551.37,9379,kg,19472.69,2325818.0936,USD,119.44,FCA,Sea,8,2026
555,69,74,35,5,17,2024-08-15,155,,8461.56,14999,pcs,223529.82,26805696.0144,USD,119.92,EXW,Sea,8,2024
556,36,4,41,27,13,2024-09-02,112,10427.25,9746.24,9644,pcs,135474.37,16695861.3588,USD,123.24,CFR,Sea,9,2024
557,70,94,14,12,21,2024-02-01,52,2194.87,2024.56,3491,unit,97919.63,11581933.8364,USD,118.28,FOB,Sea,2,2024
558,27,10,35,30,17,2025-03-21,381,11180.45,10207.69,21730,pcs,63731.89,7522274.9767,USD,118.03,EXW,Sea,3,2025
559,67,67,50,2,16,2025-07-03,105,4934.02,4765.1,6708,pcs,60431.52,7283206.790399999,USD,120.52,EXW,Sea,7,2025
560,22,112,53,36,20,2026-01-04,40,4676.91,4459.64,4634,unit,49210.13,5937694.2858,USD,120.66,FCA,Air,1,2026
561,10,45,49,6,11,2024-01-23,342,31884.42,29176.84,28878,kg,258056.48,31534501.856000002,USD,122.2,FCA,Sea,1,2024
562,36,76,27,31,9,2025-08-17,19,963.18,924.55,1675,pcs,49742.96,6083564.007999999,USD,122.3,EXW,Sea,8,2025
563,66,28,18,13,25,2025-04-16,286,10436.82,9765.47,28091,pcs,478511.28,58593706.236,USD,122.45,CFR,Sea,4,2025
564,1,90,15,17,17,2025-01-01,171,9107.92,8851.36,22201,pcs,265828.32,32555994.3504,USD,122.47,CIF,Sea,1,2025
565,54,24,53,30,20,2025-01-30,284,11258.46,10986.72,9864,unit,11633.82,1388961.7698,USD,119.39,CIF,Road,1,2025
566,56,28,57,21,1,2025-11-11,97,1505.7,1400.86,4189,kg,42908.54,5230980.1114,USD,121.91,CFR,Road,11,2025
567,1,112,18,13,25,2024-04-08,206,25137.34,23553.61,21363,pcs,378697.09,46530511.448300004,USD,122.87,FOB,Road,4,2024
568,41,81,56,36,12,2025-05-19,109,4892.06,4481.93,7130,kg,19034.73,2349456.7239,USD,123.43,FCA,Road,5,2025
569,64,49,6,39,10,2024-10-23,118,1783.65,1746.26,10866,kg,41487.41,4859835.207400001,USD,117.14,CIF,Air,10,2024
570,56,23,2,25,14,2024-10-05,141,13136.81,12158.6,12334,pcs,64933.69,7788796.1155,USD,119.95,FOB,Sea,10,2024
571,9,75,43,25,14,2025-11-10,72,3302.85,3007.32,7672,pcs,78643.32,9599203.639200002,USD,122.06,CFR,Sea,11,2025
572,15,22,45,5,10,2026-06-16,52,1197.28,1129.49,6539,kg,72069.08,8478206.5712,USD,117.64,CFR,Sea,6,2026
573,76,4,28,16,8,2024-04-29,400,17912.07,17509.45,17106,kg,269899.35,32412212.941499997,USD,120.09,FOB,Air,4,2024
574,17,8,28,40,8,2024-03-29,155,14454.45,13255.35,16970,kg,116981.61,13757037.336,USD,117.6,FOB,Sea,3,2024
575,7,118,49,32,11,2024-02-27,414,20957.54,20243.55,20899,kg,305169.46,36644748.7568,USD,120.08,FOB,Sea,2,2024
576,13,28,5,16,10,2026-07-07,7,299.18,293.26,690,kg,18918.67,2265510.7325,USD,119.75,CIF,Road,7,2026
577,5,29,17,32,1,2025-07-06,120,4346.56,4106.62,6128,kg,47696.91,5758447.944300001,USD,120.73,EXW,Air,7,2025
578,70,36,13,32,20,2026-06-12,444,13568.41,12750.22,25067,unit,273518,32018017.080000002,USD,117.06,CFR,Sea,6,2026
579,74,38,28,13,8,2024-06-14,265,7463.81,6893.31,25667,kg,443290.13,52986469.2389,USD,119.53,CIF,Sea,6,2024
580,42,43,25,15,10,2026-04-10,197,10082.88,9751.95,16005,kg,88750.47,10938495.4275,USD,123.25,FOB,Sea,4,2026
581,78,69,45,2,10,2024-12-19,143,1960.21,1817.51,7497,kg,63622.77,7677995.8836,USD,120.68,EXW,Sea,12,2024
582,21,106,40,12,25,2025-07-11,328,8119.49,7782.06,14359,pcs,166456.52,20003080.0084,USD,120.17,FOB,Sea,7,2025
583,39,98,21,6,13,2025-05-10,140,7056,6718.63,13268,pcs,376273.7,44618535.346,USD,118.58,FCA,Air,5,2025
584,79,118,26,8,10,2024-04-07,34,2588.7,2399.69,2807,kg,73933.41,8837999.831400001,USD,119.54,FCA,Sea,4,2024
585,14,113,25,13,10,2024-12-20,588,23662.92,21912.36,22087,kg,376646.61,45129796.8102,USD,119.82,EXW,Road,12,2024
586,29,15,38,18,25,2026-05-15,628,22559.62,20887.88,29259,pcs,293719.4,35575293.72800001,USD,121.12,CIF,Sea,5,2026
587,9,49,46,18,10,2024-01-02,608,3586.77,3325.31,20872,kg,404038.28,48549239.724800006,USD,120.16,CIF,Sea,1,2024
588,2,103,4,10,15,2025-05-02,123,5973.64,5754.5,11629,pcs,29057.6,3486330.8479999998,USD,119.98,CIF,Sea,5,2025
589,51,80,22,32,14,2024-10-12,368,21069.77,19879.65,24353,pcs,595798.23,71686443.03359999,USD,120.32,EXW,Sea,10,2024
590,47,22,32,33,19,2024-11-26,81,4656.85,4530.94,10297,pcs,221084.29,27246427.8996,USD,123.24,EXW,Sea,11,2024
591,75,84,49,20,11,2025-09-04,66,2985.23,2914.41,7123,kg,107489.19,12887953.881000001,USD,119.9,CFR,Sea,9,2025
592,59,11,59,25,23,2025-06-03,329,17843.49,16256.19,17266,pcs,370475.04,45212773.8816,USD,122.04,FCA,Sea,6,2025
593,9,70,4,16,15,2024-08-18,78,5732.57,5502.27,5042,pcs,87346.8,10251020.448,USD,117.36,FCA,Sea,8,2024
594,8,95,33,39,20,2026-05-08,566,19558.45,18143.22,20865,unit,43823.89,5289543.523,USD,120.7,EXW,Road,5,2026
595,77,111,25,32,10,2024-08-28,135,6371.31,5998.73,9354,kg,177354.57,21016516.545,USD,118.5,CFR,Sea,8,2024
596,15,116,41,1,13,2025-04-06,502,31795.13,30886.28,27112,pcs,298298.24,36759292.1152,USD,123.23,FOB,Road,4,2025
597,8,79,46,29,10,2026-04-14,102,5467.07,5218.27,9655,kg,123242.09,14558588.091699999,USD,118.13,FCA,Sea,4,2026
598,56,58,9,33,11,2025-09-10,212,17831.37,16946.55,21423,kg,429952.82,52686418.562800005,USD,122.54,EXW,Sea,9,2025
599,46,105,55,17,17,2026-04-09,293,4471.36,4309.23,15580,pcs,191436.96,23181101.4864,USD,121.09,CFR,Sea,4,2026
600,34,9,57,22,1,2026-05-16,518,15156.51,14451.53,20309,kg,370011.74,43439378.276,USD,117.4,CFR,Road,5,2026
601,15,102,31,30,18,2024-04-15,81,5465.81,5334.52,4734,pcs,19855.59,2395179.8216999997,USD,120.63,CFR,Sea,4,2024
602,69,62,30,8,16,2024-02-22,24,1375.8,1304.17,2055,pcs,41717.51,5003180.974300001,USD,119.93,FOB,Sea,2,2024
603,60,70,3,32,14,2024-11-19,842,29410,27761.68,28881,pcs,397563.21,46518871.2021,USD,117.01,FCA,Sea,11,2024
604,39,81,57,29,1,2025-06-13,86,8233.51,7767.21,11109,kg,216253.11,25487591.5446,USD,117.86,EXW,Sea,6,2025
605,22,119,24,40,15,2026-02-15,148,13242.25,12456.83,15522,pcs,427796.48,50702438.809599996,USD,118.52,FCA,Sea,2,2026
606,24,102,23,26,14,2024-03-31,381,17793.27,17192.07,26113,pcs,425366.38,49835925.0808,USD,117.16,,Sea,3,2024
607,79,1,59,21,23,2025-08-18,65,2636.57,2566.58,4455,pcs,105692.41,12894474.02,USD,122,CFR,Air,8,2025
608,40,7,21,7,13,2025-07-18,127,2361.98,2246.04,4764,pcs,40938.3,4870429.551,USD,118.97,CFR,Air,7,2025
609,26,5,43,2,14,2025-10-19,468,25362.44,23543.54,26492,pcs,88957.22,10778946.3474,USD,121.17,FCA,Sea,10,2025
610,45,97,55,9,17,2024-11-28,80,2294.71,2119.06,3121,pcs,41336.8,4845913.064,USD,117.23,CFR,Sea,11,2024
611,15,46,29,36,11,2024-05-13,114,10068.44,9844.49,10843,kg,192509.73,23422658.8491,USD,121.67,FOB,Air,5,2024
612,9,9,27,10,9,2024-05-02,252,24597.54,22898.72,29981,pcs,83548.05,10121846.2575,USD,121.15,CFR,Road,5,2024
613,58,36,3,24,14,2026-04-13,211,15753.57,15298.54,23905,pcs,103152.84,12478399.0548,USD,120.97,FCA,Sea,4,2026
614,64,63,28,14,8,2025-03-01,95,7823.22,7422.37,7712,kg,41051.89,5060055.9614,USD,123.26,CFR,Sea,3,2025
615,70,119,37,27,1,2024-02-13,64,2585.73,2413.84,2183,kg,55640.59,6586176.6383,USD,118.37,FCA,Sea,2,2024
616,40,30,19,34,23,2025-05-10,84,2420.05,2232.16,7710,pcs,62195.17,7531835.086999999,USD,121.1,EXW,Sea,5,2025
617,62,19,16,7,12,2025-01-02,,4459.62,4161.57,7117,kg,157203.41,19347023.6687,USD,123.07,FOB,Air,1,2025
618,31,111,24,30,15,2024-07-19,857,17518.31,15995.79,28344,pcs,237165.64,28995871.146400005,USD,122.26,FCA,Sea,7,2024
619,10,87,19,25,23,2025-05-02,239,26189.14,24826.94,23755,pcs,311322.53,37984461.8853,USD,122.01,EXW,Air,5,2025
620,29,3,25,4,10,2024-07-13,16,961.67,887.23,1262,kg,21516.59,2622657.1551,USD,121.89,CIF,Sea,7,2024
621,77,99,50,15,16,2025-02-11,626,11860.15,11449.83,19411,pcs,512198.95,62565101.74250001,USD,122.15,FOB,Sea,2,2025
622,80,2,50,37,16,2024-05-10,31,3351,3192.63,4066,pcs,93658.13,11421608.9535,USD,121.95,EXW,Sea,5,2024
623,42,37,58,18,25,2025-01-12,54,3532.42,3272.43,5601,pcs,159100.69,18864568.8133,USD,118.57,CIF,Air,1,2025
624,19,83,45,22,10,2026-04-25,49,2675.58,2480.23,2254,kg,37287.88,4468206.6603999995,USD,119.83,CFR,Sea,4,2026
625,22,91,54,28,21,2025-04-30,228,9920.87,9672.83,14088,unit,44764.1,5335880.72,USD,119.2,FOB,Air,4,2025
626,13,60,50,31,16,2024-04-09,90,4495.85,4298.92,4500,pcs,32150.07,3839361.3594,USD,119.42,FOB,Road,4,2024
627,62,95,19,17,23,2024-07-19,6,173.46,165.25,693,pcs,17275.72,2103664.4244,USD,121.77,CIF,Sea,7,2024
628,70,11,12,12,19,2025-10-13,95,1153.7,1100.83,4647,pcs,46115.67,5433348.239399999,USD,117.82,FCA,Road,10,2025
629,37,110,17,29,1,2025-07-30,123,5761.56,5247.02,14256,kg,117797.82,14192281.353600001,USD,120.48,CIF,Sea,7,2025
630,2,43,3,26,14,2026-02-01,155,5591.09,5333.39,8638,pcs,244279.69,28922715.296,USD,118.4,EXW,Sea,2,2026
631,63,17,25,21,10,2025-08-31,228,33734.06,30802.57,29221,kg,163132.66,19295331.0248,USD,118.28,CFR,Sea,8,2025
632,4,87,2,25,14,2025-04-25,234,22123.49,21398.72,18891,pcs,238925.51,28711678.536700003,USD,120.17,FCA,Road,4,2025
633,77,55,21,30,13,2025-05-30,38,1710.38,1626.33,1546,pcs,33692.21,3991853.0408,USD,118.48,CFR,Sea,5,2025
634,58,113,2,9,14,2025-08-16,426,22141.2,20439.2,24120,pcs,226703.05,27299581.281,USD,120.42,FCA,Road,8,2025
635,11,60,3,15,14,2025-05-25,123,14497.11,13764.7,14132,pcs,288002.38,33846039.6976,USD,117.52,CFR,Sea,5,2025
636,70,55,56,14,12,2025-05-05,8,166.33,159.11,702,kg,6108.23,727306.9461,USD,119.07,CFR,Sea,5,2025
637,23,57,52,8,19,2026-03-23,80,1555.23,1486.33,9176,pcs,145634.08,17141131.216,USD,117.7,FCA,Sea,3,2026
638,37,89,43,12,14,2025-02-17,374,18921.01,18412.66,16823,pcs,359324.49,42281712.7383,USD,117.67,CFR,Sea,2,2025
639,61,7,30,19,16,2025-06-13,64,8857.62,8370.23,8301,pcs,9104.84,1115798.142,USD,122.55,FOB,Sea,6,2025
640,23,54,5,22,10,2024-09-21,201,3296.6,3115.74,13817,kg,228472.2,28200323.646,USD,123.43,CFR,Sea,9,2024
641,41,103,59,28,23,2026-04-01,19,727.1,712.67,1674,pcs,35978.87,4228596.591100001,USD,117.53,CFR,Air,4,2026
642,70,40,30,25,16,2026-06-02,262,4700.23,4445.04,13360,pcs,207313.26,24359308.05,USD,117.5,CIF,Road,6,2026
643,31,71,51,30,18,2026-04-19,174,21436.89,19496.79,21822,pcs,313219,37993464.699999996,USD,121.3,CIF,Sea,4,2026
644,58,17,16,34,12,2024-09-11,541,3659.32,3446.89,21640,kg,97233.17,11841055.4426,USD,121.78,CFR,Sea,9,2024
645,28,48,27,18,9,2025-08-02,,10115.91,9427.14,15819,pcs,85548.26,10264935.7174,USD,119.99,EXW,Sea,8,2025
646,9,11,60,24,25,2024-12-03,168,4751.66,4379.85,16024,pcs,43150.21,5121929.927,USD,118.7,CIF,Sea,12,2024
647,46,4,50,23,16,2024-12-16,624,6924.13,6555.87,23533,pcs,700452.38,86246701.5494,USD,123.13,EXW,Sea,12,2024
648,39,66,44,35,15,2024-01-10,275,4303.17,4143.4,8930,pcs,153197.27,18323925.4647,USD,119.61,CFR,Air,1,2024
649,36,8,59,20,23,2025-05-05,128,4767.7,4493.14,4593,pcs,17717.9,2104177.8040000005,USD,118.76,FOB,Sea,5,2025
650,49,77,10,9,16,2024-05-18,319,13022.26,12499.62,19823,pcs,548981.36,65054291.16,USD,118.5,CFR,Road,5,2024
651,17,53,23,39,14,2024-03-08,109,6400.05,5827.25,12312,pcs,173023.04,20472086.0928,USD,118.32,CFR,Sea,3,2024
652,64,17,12,31,19,2024-08-08,353,6582.37,6412.86,12493,pcs,266272.65,32639701.437000003,USD,122.58,EXW,Sea,8,2024
653,71,87,15,29,17,2026-02-21,107,2070.44,1887.9,6776,pcs,91860.64,11017765.1616,USD,119.94,FCA,Road,2,2026
654,76,85,51,17,18,2025-10-27,379,13593.43,12747.09,23640,pcs,232706.02,27252202.0022,USD,117.11,FOB,Sea,10,2025
655,48,61,14,38,21,2024-03-03,67,8550.28,8039.23,8783,unit,147534.78,18024324.0726,USD,122.17,EXW,Sea,3,2024
656,9,63,8,3,8,2026-04-07,595,10824.48,10163.35,24706,kg,254105.58,30952600.6998,USD,121.81,FOB,Sea,4,2026
657,30,83,29,36,11,2024-09-25,24,2967.77,2771.17,2839,kg,40465.56,4991831.4816,USD,123.36,FCA,Sea,9,2024
658,75,45,5,34,10,2026-07-30,141,13477.61,12413.65,12780,kg,208042.81,25208547.2877,USD,121.17,CFR,Road,7,2026
659,76,118,48,9,8,2026-08-26,135,3900,3557.79,13258,kg,54286.02,6665237.5356,USD,122.78,FCA,Sea,8,2026
660,48,57,55,6,17,2026-01-10,125,1823.44,1731.07,4653,pcs,46486.32,5482596.5808,USD,117.94,EXW,Air,1,2026
661,33,119,45,4,10,2025-03-24,35,1773.12,1642.05,4285,kg,102851.06,12465548.472,USD,121.2,FOB,Sea,3,2025
662,22,58,19,30,23,2025-03-11,575,17794.31,17162.47,26073,pcs,402201.35,48119369.514,USD,119.64,CFR,Road,3,2025
663,17,70,54,22,21,2024-05-04,297,27495.69,25218.72,22026,unit,451395.1,53363928.721999995,USD,118.22,FOB,Air,5,2024
664,47,72,28,12,8,2024-08-19,469,22326.73,20384.91,22719,kg,455588.54,53577212.304,USD,117.6,FOB,Road,8,2024
665,29,114,41,6,13,2025-11-23,323,17395.29,16410.22,23432,pcs,492943.12,59138386.1064,USD,119.97,CFR,Air,11,2025
666,12,59,16,13,12,2025-03-08,78,10895.11,9973.59,8740,kg,246082.35,30012203.406,USD,121.96,EXW,Air,3,2025
667,53,38,53,18,20,2026-03-18,140,16819.48,15512.19,15872,unit,169072.17,20193979.9848,USD,119.44,EXW,Sea,3,2026
668,5,114,4,12,15,2025-03-31,,11558.4,10526.76,14215,pcs,280095.93,33675933.6639,USD,120.23,CFR,Sea,3,2025
669,53,68,5,6,10,2024-09-02,133,9758.61,9058.31,14544,kg,54578.53,6646573.3834,USD,121.78,FCA,Sea,9,2024
670,77,67,56,4,12,2025-06-20,326,30835.35,29409.59,29605,kg,367017.28,44258613.795200005,USD,120.59,EXW,Sea,6,2025
671,43,40,12,29,19,2025-02-28,215,10631.7,10031.86,21301,pcs,512116.88,60859970.019200005,USD,118.84,CIF,Sea,2,2025
672,63,66,6,2,10,2025-03-24,309,7413.3,7060.56,17124,kg,24171.39,2915553.0618000003,USD,120.62,CFR,Sea,3,2025
673,11,103,6,2,10,2024-09-28,35,2515.21,2436.5,3786,kg,27187.31,3330717.3481000005,USD,122.51,EXW,Sea,9,2024
674,29,24,52,16,19,2026-06-08,66,3591.51,3356.79,8156,pcs,131365.41,15688970.9163,USD,119.43,CIF,Sea,6,2026
675,31,34,36,39,12,2024-09-23,92,7188.46,6814.63,9074,kg,264186.17,30996963.3261,USD,117.33,CFR,Sea,9,2024
676,50,78,46,15,10,2025-01-25,192,17019.2,15926.37,16070,kg,104604.35,12732441.482,USD,121.72,EXW,Sea,1,2025
677,26,77,52,1,19,2025-01-24,71,2760.17,2671.99,5017,pcs,147357.16,17668123.484,USD,119.9,EXW,Sea,1,2025
678,61,82,6,4,10,2024-03-05,130,13287.44,12784.66,16262,kg,19038.39,2324397.0351,USD,122.09,EXW,Sea,3,2024
679,62,80,25,26,10,2025-12-29,413,10523.89,10079.6,19113,kg,464189.44,54310164.48,USD,117,CFR,Sea,12,2025
680,56,82,34,40,21,2024-09-09,117,9635.85,9344.1,10454,unit,250070.45,30333545.585,USD,121.3,CIF,Road,9,2024
681,10,37,36,21,12,2025-08-27,102,2727.93,2529.32,11683,kg,286877.82,35044994.4912,USD,122.16,CIF,Sea,8,2025
682,55,53,28,26,8,2025-04-21,118,1446.76,1379.71,6317,kg,176825.02,21487776.4304,USD,121.52,FOB,Road,4,2025
683,68,60,56,38,12,2026-02-04,296,28255.2,27654.47,29036,kg,597534.93,71453226.92940001,USD,119.58,CIF,Sea,2,2026
684,16,98,51,4,18,2025-11-07,377,4000.36,3716.96,15484,pcs,255079.31,30739607.6481,USD,120.51,EXW,Sea,11,2025
685,26,24,28,20,8,2026-01-09,432,8088.38,7826.75,21463,kg,179707.28,22148922.26,USD,123.25,FOB,Sea,1,2026
686,36,7,39,15,23,2026-07-20,206,7658.26,7231.13,24719,pcs,728469.31,88399750.7685,USD,121.35,CFR,Sea,7,2026
687,15,88,8,15,8,2024-11-21,426,11288.58,10297.77,13994,kg,123939.69,14966956.9644,USD,120.76,FOB,Sea,11,2024
688,33,37,58,31,25,2025-05-30,308,8793.2,8159.42,22477,pcs,606193.26,72961420.7736,USD,120.36,EXW,Air,5,2025
689,48,20,27,26,9,2026-05-28,195,20207.98,19673.8,19442,pcs,457814.71,56324943.7713,USD,123.03,CFR,Sea,5,2026
690,65,49,57,36,1,2025-07-31,185,15577.54,14675.78,13781,kg,32403.28,3794748.1207999997,USD,117.11,EXW,Sea,7,2025
691,29,61,7,15,9,2025-04-28,458,4957.1,4621.79,16983,pcs,500685.73,60062260.17079999,USD,119.96,FCA,Sea,4,2025
692,48,13,58,1,25,2026-01-29,192,17512.9,16383.04,23833,pcs,714105.42,83807412.09120001,USD,117.36,FCA,Sea,1,2026
693,23,23,48,3,8,2026-05-10,227,5213.11,4959.97,11992,kg,114927.48,13837268.592,USD,120.4,CIF,Sea,5,2026
694,79,75,13,22,20,2024-10-05,367,9078.3,8534.69,20841,unit,304605.16,36848086.205199994,USD,120.97,CIF,Air,10,2024
695,39,113,40,38,25,2025-08-05,79,4933.1,4824.43,5541,pcs,162783.83,19724516.6811,USD,121.17,FOB,Air,8,2025
696,77,58,19,3,23,2026-07-06,258,6724.52,6322.48,23652,pcs,546020.76,67127792.2344,USD,122.94,CFR,Sea,7,2026
697,5,43,26,10,10,2025-09-14,276,14068.81,13013.21,12679,kg,360564.35,42899946.363,USD,118.98,FOB,Sea,9,2025
698,39,118,13,34,20,2024-07-02,306,7787.04,7267.99,20609,unit,161249.11,19694966.295399997,USD,122.14,FCA,Sea,7,2024
699,56,58,54,1,21,2024-11-23,229,12262.06,11236.48,13857,unit,30474.4,3672774.688,USD,120.52,EXW,Sea,11,2024
700,49,81,12,10,19,2024-10-27,379,29878.56,28326.12,25112,pcs,74730.45,8895912.768,USD,119.04,FCA,Sea,10,2024
701,79,96,6,18,10,2024-02-14,228,12700.87,12327.11,24064,kg,101072.65,11886143.639999999,USD,117.6,FOB,Sea,2,2024
702,5,2,18,39,25,2024-12-05,76,6677.47,6461.2,8395,pcs,53970.25,6321535.382499999,USD,117.13,FOB,Road,12,2024
703,76,4,22,28,14,2025-09-25,149,2402.4,2189.07,10067,pcs,199311.38,24230284.4666,USD,121.57,CIF,Road,9,2025
704,49,32,53,24,20,2025-04-07,429,19951.05,18378.88,17806,unit,516320.02,63620952.8644,USD,123.22,CIF,Sea,4,2025
705,18,92,23,13,14,2025-10-22,392,2959.82,2724.19,13589,pcs,225101.89,27250834.803400002,USD,121.06,CIF,Sea,10,2025
706,29,16,19,11,23,2025-11-26,131,3501.12,3333.07,15216,pcs,335626.39,40845731.663,USD,121.7,CFR,Road,11,2025
707,10,41,23,25,14,2026-02-22,411,24023.01,22659.91,21979,pcs,319283.17,39255865.751499996,USD,122.95,CFR,Sea,2,2026
708,53,33,59,29,23,2026-03-12,364,9734.04,9194.59,24510,pcs,526645.97,64371936.9131,USD,122.23,FOB,Road,3,2026
709,5,63,53,18,20,2024-10-04,270,16680.69,16011.06,22284,unit,364295.87,43897652.335,USD,120.5,CFR,Sea,10,2024
710,30,101,50,21,16,2026-01-30,164,22188.74,21338.84,19114,pcs,165166.08,19544102.2464,USD,118.33,EXW,Sea,1,2026
711,61,116,2,16,14,2025-10-19,96,11542.23,10653.19,9851,pcs,20665.65,2439786.6390000004,USD,118.06,EXW,Road,10,2025
712,47,78,14,40,21,2025-06-28,562,25709.77,24362.84,22696,unit,327428.12,40093573.294,USD,122.45,CIF,Sea,6,2025
713,11,9,37,3,1,2025-04-23,618,11002.81,10555.78,26055,kg,273974.21,32835809.0685,USD,119.85,EXW,Sea,4,2025
714,55,34,54,31,21,2025-11-19,294,16163.45,15597.37,21459,unit,320051.69,39439969.7587,USD,123.23,CIF,Road,11,2025
715,4,69,2,36,14,2026-05-12,86,11149.46,10368.63,10276,pcs,119860,14517443.200000001,USD,121.12,FCA,Air,5,2026
716,64,7,11,32,18,2025-12-26,268,10820.27,9891.3,11911,pcs,249394.47,29540774.9715,USD,118.45,CFR,Sea,12,2025
717,51,109,20,19,25,2025-09-17,52,1806.73,1695.6,4771,pcs,89291.43,10632823.484399999,USD,119.08,CFR,Sea,9,2025
718,7,90,29,19,11,2024-03-06,114,10483.37,9844.1,13872,kg,267156.99,31447049.292899996,USD,117.71,EXW,Air,3,2024
719,31,118,7,4,9,2025-04-18,58,3903.8,3667.64,4956,pcs,140190.11,17240579.7278,USD,122.98,CFR,Road,4,2025
720,68,104,57,15,1,2025-12-16,309,27796.12,25311.05,26302,kg,561280.39,65697869.6495,USD,117.05,CIF,Sea,12,2025
721,75,15,34,35,21,2025-02-27,313,6367.43,6222.15,13299,unit,96943.31,11680699.421899999,USD,120.49,CIF,Sea,2,2025
722,63,27,27,26,9,2024-06-02,44,3330.14,3037.02,5292,pcs,150012.23,17807951.8233,USD,118.71,FCA,Sea,6,2024
723,40,32,53,1,20,2025-10-07,317,11325.39,10993.74,20130,unit,111558.55,13064621.7905,USD,117.11,EXW,Air,10,2025
724,80,26,32,25,19,2025-11-12,55,1888.55,1828.52,4813,pcs,75483.84,9247525.2384,USD,122.51,EXW,Sea,11,2025
725,73,117,55,19,17,2026-06-20,93,1211.49,1169.65,6531,pcs,174218.5,20385306.685000002,USD,117.01,FCA,Air,6,2026
726,2,22,50,36,16,2025-06-23,167,3457.53,3189.96,18487,pcs,209662.68,24601818.8712,USD,117.34,FCA,Sea,6,2025
727,76,57,21,26,13,2024-03-10,113,1078.94,1034.68,4667,pcs,5491.88,665286.3432,USD,121.14,FOB,Sea,3,2024
728,80,58,15,37,17,2025-10-28,410,18641.65,17968.69,21402,pcs,256110.07,30169766.246,USD,117.8,FCA,Air,10,2025
729,78,58,5,29,10,2025-09-18,26,212.06,204,832,kg,15434.95,1867474.6005,USD,120.99,FOB,Road,9,2025
730,65,50,4,25,15,2024-12-30,878,10116.53,9827.99,27981,pcs,113187.39,13922048.97,USD,123,CFR,Road,12,2024
731,27,104,23,1,14,2025-03-02,295,25162.5,23319.26,20540,pcs,500207.92,60160006.538399994,USD,120.27,FCA,Sea,3,2025
732,39,76,11,18,18,2026-07-06,247,5569.27,5316.73,29819,pcs,889975.85,107500182.9215,USD,120.79,FOB,Road,7,2026
733,11,94,33,18,20,2024-07-09,159,9387.57,9191.25,11524,unit,61083.83,7330059.600000001,USD,120,FOB,Sea,7,2024
734,17,80,6,29,10,2026-07-14,146,17778.26,17084.17,17413,kg,405871.6,49053641.576,USD,120.86,EXW,Sea,7,2026
735,18,9,2,33,14,2024-04-12,118,1981.24,1832.18,4093,pcs,28098.11,3445952.2104,USD,122.64,CFR,Sea,4,2024
736,51,49,1,4,13,2024-12-21,360,21160.13,20150.45,26413,pcs,746598.07,91480661.51709999,USD,122.53,CFR,Sea,12,2024
737,63,38,50,1,16,2026-03-17,250,8304.93,7774.34,20334,pcs,273397.66,32783113.410599995,USD,119.91,FCA,Road,3,2026
738,33,51,59,12,23,2026-08-23,304,7749.03,7305.02,17108,pcs,278447.18,34120917.4372,USD,122.54,EXW,Sea,8,2026
739,64,29,1,34,13,2024-05-21,79,8449.29,7762.64,10331,pcs,199604.53,24577305.778899997,USD,123.13,FOB,Sea,5,2024
740,34,2,42,37,14,2026-07-20,101,9034.14,8613.58,11347,pcs,135473.95,15938510.217500003,USD,117.65,FOB,Sea,7,2026
741,5,6,57,25,1,2025-03-25,435,,8777.78,22091,kg,500760.32,60456793.4336,USD,120.73,FOB,Sea,3,2025
742,34,56,54,19,21,2024-12-29,139,7724.69,7554.22,8863,unit,207318.88,25411075.1216,USD,122.57,FOB,Sea,12,2024
743,65,3,1,25,13,2025-05-15,450,7091.59,6732.87,15653,pcs,370894.97,45390126.4286,USD,122.38,CIF,Sea,5,2025
744,40,2,21,35,13,2024-03-26,197,7013.38,6830.96,13361,pcs,161511.54,19295783.6838,USD,119.47,FOB,Sea,3,2024
745,38,45,9,16,11,2025-08-01,150,9686.63,9273.79,11576,kg,263394.25,32120928.7875,USD,121.95,CFR,Sea,8,2025
746,57,56,56,29,12,2024-01-12,50,2298.44,2161.33,3302,kg,21730.89,2615964.5382,USD,120.38,FOB,Air,1,2024
747,51,110,3,26,14,2026-01-27,257,11195.21,10808.23,14397,pcs,191806.84,22498942.332,USD,117.3,CFR,Sea,1,2026
748,41,39,47,39,9,2025-07-17,310,21762.92,21218.95,28153,pcs,609213.87,72295409.9529,USD,118.67,CFR,Sea,7,2025
749,27,89,44,29,15,2025-11-29,277,8330.82,7587.79,19136,pcs,444838.67,54363733.8607,USD,122.21,FOB,Sea,11,2025
750,31,119,52,18,19,2026-08-11,215,11346.09,10435.86,12597,pcs,309740.12,36735178.232,USD,118.6,EXW,Air,8,2026
751,24,111,42,31,14,2026-07-07,177,12914.58,12133.7,10983,pcs,282736.84,34411900.7964,USD,121.71,FCA,Sea,7,2026
752,60,110,13,13,20,2026-02-13,103,10202.77,9847.43,11059,unit,256351.44,30864713.376000002,USD,120.4,CFR,Sea,2,2026
753,2,61,9,7,11,2025-12-06,396,,6716.08,13033,kg,231829.41,27986446.3752,USD,120.72,CFR,Sea,12,2025
754,71,2,42,24,14,2024-03-21,131,14072.45,13115.55,14075,pcs,392508.62,47101034.4,USD,120,CFR,Sea,3,2024
755,40,16,9,5,11,2024-09-06,159,13191.38,12676.88,19017,kg,171100.48,20771598.272000004,USD,121.4,FOB,Road,9,2024
756,14,34,56,31,12,2024-01-19,248,5780.43,5427.57,23330,kg,179947.56,21651290.4192,USD,120.32,CIF,Sea,1,2024
757,62,30,10,4,16,2025-06-08,150,21955.26,20795.03,18501,pcs,460970.13,55196563.3662,USD,119.74,FOB,Sea,6,2025
758,69,17,59,29,23,2025-11-22,380,16751.48,16239.37,21373,pcs,82753.84,9834466.3456,USD,118.84,FOB,Sea,11,2025
759,77,80,30,14,16,2025-06-16,272,27375.09,25877.98,25425,pcs,284851.3,34692039.827,USD,121.79,FOB,Sea,6,2025
760,71,62,32,22,19,2026-06-15,244,5464.99,5089.99,28879,pcs,764056.23,93635090.9865,USD,122.55,FCA,Sea,6,2026
761,54,85,54,38,21,2025-05-10,232,6385.08,6229.49,17703,unit,26324.72,3115004.1176,USD,118.33,EXW,Road,5,2025
762,41,37,36,10,12,2026-08-09,582,18712.83,17554.69,21670,kg,550827.72,67906041.32159999,USD,123.28,FCA,Sea,8,2026
763,42,51,40,24,25,2024-05-30,50,2095.3,1964.34,2260,pcs,33817,4111809.0300000003,USD,121.59,CIF,Sea,5,2024
764,1,30,37,7,1,2026-02-08,14,1331.16,1211.12,1197,kg,10980.31,1311378.4233,USD,119.43,FCA,Sea,2,2026
765,40,85,39,28,23,2024-04-04,27,582.99,550.35,2127,pcs,24725.79,2971050.9264,USD,120.16,FCA,Sea,4,2024
766,45,29,29,29,11,2024-10-16,130,2837.76,2756.79,14889,kg,182353.15,21566907.050499998,USD,118.27,FCA,Sea,10,2024
767,69,15,15,11,17,2024-03-30,16,1387.68,1325.45,1945,pcs,21288.74,2577853.5266000004,USD,121.09,FCA,Sea,3,2024
768,35,47,35,32,17,2025-01-13,49,1025.31,997.51,4164,pcs,123154.82,14739168.857600002,USD,119.68,FCA,Sea,1,2025
769,54,74,49,39,11,2025-10-08,685,32071.09,29928.56,26891,kg,141963.66,17376351.984,USD,122.4,CIF,Sea,10,2025
770,32,12,30,39,16,2024-06-03,71,2553.79,2455.12,6986,pcs,45408.69,5443593.7572,USD,119.88,FCA,Sea,6,2024
771,50,37,21,6,13,2025-08-25,233,6883.14,6404.18,28821,pcs,530897.87,64291732.057,USD,121.1,FOB,Sea,8,2025
772,57,118,50,16,16,2026-01-19,119,6537.22,6282.9,14534,pcs,354688.56,41764577.94,USD,117.75,EXW,Road,1,2026
773,72,27,1,11,13,2025-01-16,180,7369.39,7017.95,14230,pcs,243484.79,29349656.586600002,USD,120.54,CFR,Sea,1,2025
774,17,1,31,19,18,2026-02-04,180,8439.71,7906.51,8264,pcs,60586.63,7411562.4479,USD,122.33,FCA,Road,2,2026
775,14,102,41,7,13,2025-10-22,111,14144.7,12996.49,14204,pcs,201345.15,24751359.2895,USD,122.93,CIF,Road,10,2025
776,22,53,23,16,14,2025-10-31,370,5075.14,4908.28,26354,pcs,658263.34,77681656.7534,USD,118.01,EXW,Sea,10,2025
777,40,21,42,21,14,2024-05-03,153,12804,11727.76,17173,pcs,480815.41,58568125.092099994,USD,121.81,CIF,Air,5,2024
778,60,48,44,39,15,2025-09-03,741,26796.53,24415.82,25453,pcs,481730.64,57610167.237600006,USD,119.59,CFR,Sea,9,2025
779,16,11,11,5,18,2024-09-07,268,13669.44,13152.92,25146,pcs,626164.14,77243608.3104,USD,123.36,FOB,Sea,9,2024
780,21,105,25,36,10,2024-02-06,479,16607.66,15894.41,19761,kg,526154.23,63733061.87989999,USD,121.13,FCA,Sea,2,2024
781,36,78,7,13,9,2024-12-06,264,7946.98,7768.61,22386,pcs,544418.6,64954583.166,USD,119.31,CIF,Sea,12,2024
782,63,97,10,10,16,2026-05-13,461,15430.42,14664.43,29979,pcs,365595.86,43992149.833799995,USD,120.33,CFR,Air,5,2026
783,13,35,50,1,16,2025-11-12,44,4450.22,4085.84,3645,pcs,77665.63,9210367.061700001,USD,118.59,CIF,Road,11,2025
784,12,112,16,13,12,2024-03-21,424,6529.87,6375.43,25829,kg,179476.11,22152736.2573,USD,123.43,CFR,Sea,3,2024
785,42,91,25,34,10,2025-01-04,331,12926.17,12657.06,19266,kg,41100.11,4872418.0405,USD,118.55,CIF,Air,1,2025
786,52,97,8,6,8,2026-03-06,563,24199.77,23636.81,23763,kg,26291.62,3216253.8745999997,USD,122.33,CFR,Sea,3,2026
787,71,49,48,35,8,2025-04-25,79,5038.86,4767.84,8735,kg,95470.03,11313198.555,USD,118.5,CIF,Sea,4,2025
788,57,53,9,21,11,2025-04-13,347,6932.93,6665.11,23012,kg,484796.36,56958724.336399995,USD,117.49,EXW,Sea,4,2025
789,26,118,1,31,13,2025-02-15,217,25578.87,24413.32,27485,pcs,106003.67,12424690.160699999,USD,117.21,FCA,Air,2,2025
790,79,44,17,2,1,2024-10-01,31,1256.31,1151.23,2944,kg,25305.31,3115336.7141,USD,123.11,CFR,Air,10,2024
791,49,99,25,32,10,2025-07-31,34,1824.11,1739.11,3036,kg,29973.46,3521581.8153999997,USD,117.49,CFR,Sea,7,2025
792,74,80,55,29,17,2025-07-26,155,9712.35,9469.09,9509,pcs,12624.48,1544605.1279999998,USD,122.35,EXW,Sea,7,2025
793,34,36,14,24,21,2025-02-24,115,8213.29,7905.57,8207,unit,107843.63,13256138.9996,USD,122.92,FOB,Air,2,2025
794,16,86,52,17,19,2025-11-07,231,29341.4,26825.19,29576,pcs,740390.15,87232767.473,USD,117.82,CFR,Sea,11,2025
795,70,103,31,37,18,2026-02-28,28,4045.1,3831.21,3551,pcs,92054.7,10909402.497,USD,118.51,FOB,Sea,2,2026
796,75,14,22,40,14,2024-07-18,108,2980.98,2920.68,3639,pcs,20216.52,2480971.3344,USD,122.72,EXW,Road,7,2024
797,56,65,50,2,16,2024-08-06,61,742.98,715.4,2314,pcs,49601.74,5884750.4336,USD,118.64,FCA,Sea,8,2024
798,17,76,34,15,21,2026-04-06,128,2138.46,2072.52,9696,unit,273392.06,33755717.6482,USD,123.47,CIF,Sea,4,2026
799,22,78,46,40,10,2026-08-25,139,7829.97,7453.46,16290,kg,239713.46,29216276.5048,USD,121.88,EXW,Sea,8,2026
800,66,118,22,11,14,2025-01-02,140,3380.83,3219.98,4836,pcs,68844.96,8138851.171200001,USD,118.22,FCA,Road,1,2025
