price_id,district_id,commodity_id,market_name,price_date,unit,price_type
1,1,4,Dhaka Central Market,2026-01-15,kg,Wholesale
2,1,2,Dhaka Town Market,2026-01-15,kg,Retail
3,1,3,Dhaka Central Market,2026-01-15,kg,Retail
4,1,8,Dhaka Central Market,2026-01-15,500g pack,Retail
5,1,5,Dhaka Central Market,2026-03-15,kg,Retail
6,1,7,Dhaka New Market,2026-03-15,kg,Retail
7,1,6,Dhaka Town Market,2026-03-15,litre,Wholesale
8,1,1,Dhaka Boro Bazar,2026-03-15,kg,Retail
9,1,4,Dhaka New Market,2026-05-15,kg,Wholesale
10,1,3,Dhaka New Market,2026-05-15,kg,Wholesale
11,1,1,Dhaka Boro Bazar,2026-05-15,kg,Wholesale
12,1,7,Dhaka Central Market,2026-05-15,kg,Wholesale
13,1,6,Dhaka Boro Bazar,2026-07-15,litre,Wholesale
14,1,7,Dhaka New Market,2026-07-15,kg,Retail
15,1,4,Dhaka Central Market,2026-07-15,kg,Retail
16,1,5,Dhaka New Market,2026-07-15,kg,Wholesale
17,1,4,Dhaka Boro Bazar,2026-09-15,kg,Retail
18,1,5,Dhaka Boro Bazar,2026-09-15,kg,Retail
19,1,8,Dhaka Town Market,2026-09-15,500g pack,Wholesale
20,1,2,Dhaka New Market,2026-09-15,kg,Wholesale
21,1,1,Dhaka New Market,2026-11-15,kg,Retail
22,1,2,Dhaka Boro Bazar,2026-11-15,kg,Retail
23,1,3,Dhaka New Market,2026-11-15,kg,Wholesale
24,1,6,Dhaka Boro Bazar,2026-11-15,litre,Retail
25,2,2,Faridpur Town Market,2026-01-15,kg,Retail
26,2,3,Faridpur Central Market,2026-01-15,kg,Wholesale
27,2,1,Faridpur Central Market,2026-01-15,kg,Wholesale
28,2,8,Faridpur New Market,2026-01-15,500g pack,Wholesale
29,2,2,Faridpur Boro Bazar,2026-03-15,kg,Retail
30,2,6,Faridpur Boro Bazar,2026-03-15,litre,Wholesale
31,2,8,Faridpur Boro Bazar,2026-03-15,500g pack,Wholesale
32,2,1,Faridpur Town Market,2026-03-15,kg,Retail
33,2,5,Faridpur Boro Bazar,2026-05-15,kg,Wholesale
34,2,6,Faridpur Boro Bazar,2026-05-15,litre,Wholesale
35,2,4,Faridpur Boro Bazar,2026-05-15,kg,Wholesale
36,2,8,Faridpur New Market,2026-05-15,500g pack,Retail
37,2,2,Faridpur Town Market,2026-07-15,kg,Retail
38,2,3,Faridpur Boro Bazar,2026-07-15,kg,Retail
39,2,8,Faridpur New Market,2026-07-15,500g pack,Wholesale
40,2,6,Faridpur New Market,2026-07-15,litre,Retail
41,2,6,Faridpur Boro Bazar,2026-09-15,litre,Wholesale
42,2,2,Faridpur Central Market,2026-09-15,kg,Wholesale
43,2,8,Faridpur Town Market,2026-09-15,500g pack,Retail
44,2,4,Faridpur New Market,2026-09-15,kg,Wholesale
45,2,2,Faridpur Boro Bazar,2026-11-15,kg,Wholesale
46,2,3,Faridpur Town Market,2026-11-15,kg,Wholesale
47,2,5,Faridpur Central Market,2026-11-15,kg,Retail
48,2,7,Faridpur Central Market,2026-11-15,kg,Wholesale
49,3,2,Gazipur Town Market,2026-01-15,kg,Wholesale
50,3,8,Gazipur Town Market,2026-01-15,500g pack,Retail
51,3,5,Gazipur Town Market,2026-01-15,kg,Wholesale
52,3,3,Gazipur New Market,2026-01-15,kg,Wholesale
53,3,8,Gazipur Town Market,2026-03-15,500g pack,Wholesale
54,3,4,Gazipur Boro Bazar,2026-03-15,kg,Wholesale
55,3,1,Gazipur Boro Bazar,2026-03-15,kg,Retail
56,3,6,Gazipur Boro Bazar,2026-03-15,litre,Retail
57,3,3,Gazipur New Market,2026-05-15,kg,Wholesale
58,3,2,Gazipur Boro Bazar,2026-05-15,kg,Retail
59,3,4,Gazipur Boro Bazar,2026-05-15,kg,Retail
60,3,8,Gazipur Town Market,2026-05-15,500g pack,Wholesale
61,3,2,Gazipur New Market,2026-07-15,kg,Retail
62,3,1,Gazipur Town Market,2026-07-15,kg,Retail
63,3,7,Gazipur Town Market,2026-07-15,kg,Retail
64,3,3,Gazipur Central Market,2026-07-15,kg,Wholesale
65,3,4,Gazipur Central Market,2026-09-15,kg,Wholesale
66,3,1,Gazipur Town Market,2026-09-15,kg,Wholesale
67,3,8,Gazipur Boro Bazar,2026-09-15,500g pack,Wholesale
68,3,5,Gazipur Town Market,2026-09-15,kg,Wholesale
69,3,2,Gazipur Town Market,2026-11-15,kg,Wholesale
70,3,1,Gazipur Boro Bazar,2026-11-15,kg,Retail
71,3,3,Gazipur New Market,2026-11-15,kg,Retail
72,3,8,Gazipur Town Market,2026-11-15,500g pack,Retail
73,4,6,Gopalganj New Market,2026-01-15,litre,Retail
74,4,2,Gopalganj Boro Bazar,2026-01-15,kg,Retail
75,4,4,Gopalganj Town Market,2026-01-15,kg,Retail
76,4,8,Gopalganj Central Market,2026-01-15,500g pack,Wholesale
77,4,2,Gopalganj New Market,2026-03-15,kg,Retail
78,4,8,Gopalganj Central Market,2026-03-15,500g pack,Wholesale
79,4,3,Gopalganj Boro Bazar,2026-03-15,kg,Retail
80,4,1,Gopalganj New Market,2026-03-15,kg,Retail
81,4,2,Gopalganj Central Market,2026-05-15,kg,Retail
82,4,8,Gopalganj Town Market,2026-05-15,500g pack,Retail
83,4,4,Gopalganj Town Market,2026-05-15,kg,Retail
84,4,5,Gopalganj Boro Bazar,2026-05-15,kg,Retail
85,4,5,Gopalganj Town Market,2026-07-15,kg,Retail
86,4,6,Gopalganj New Market,2026-07-15,litre,Retail
87,4,2,Gopalganj Central Market,2026-07-15,kg,Wholesale
88,4,4,Gopalganj New Market,2026-07-15,kg,Retail
89,4,1,Gopalganj Town Market,2026-09-15,kg,Retail
90,4,6,Gopalganj New Market,2026-09-15,litre,Wholesale
91,4,2,Gopalganj New Market,2026-09-15,kg,Wholesale
92,4,4,Gopalganj Town Market,2026-09-15,kg,Retail
93,4,3,Gopalganj Boro Bazar,2026-11-15,kg,Wholesale
94,4,5,Gopalganj New Market,2026-11-15,kg,Retail
95,4,1,Gopalganj Central Market,2026-11-15,kg,Wholesale
96,4,6,Gopalganj New Market,2026-11-15,litre,Wholesale
97,5,8,Kishoreganj New Market,2026-01-15,500g pack,Wholesale
98,5,6,Kishoreganj Central Market,2026-01-15,litre,Retail
99,5,5,Kishoreganj Town Market,2026-01-15,kg,Wholesale
100,5,1,Kishoreganj Central Market,2026-01-15,kg,Wholesale
101,5,2,Kishoreganj Boro Bazar,2026-03-15,kg,Retail
102,5,7,Kishoreganj Town Market,2026-03-15,kg,Wholesale
103,5,4,Kishoreganj New Market,2026-03-15,kg,Retail
104,5,6,Kishoreganj New Market,2026-03-15,litre,Retail
105,5,3,Kishoreganj Boro Bazar,2026-05-15,kg,Wholesale
106,5,4,Kishoreganj Boro Bazar,2026-05-15,kg,Retail
107,5,5,Kishoreganj New Market,2026-05-15,kg,Retail
108,5,2,Kishoreganj Town Market,2026-05-15,kg,Retail
109,5,5,Kishoreganj Central Market,2026-07-15,kg,Wholesale
110,5,1,Kishoreganj Boro Bazar,2026-07-15,kg,Wholesale
111,5,3,Kishoreganj Boro Bazar,2026-07-15,kg,Wholesale
112,5,6,Kishoreganj New Market,2026-07-15,litre,Wholesale
113,5,3,Kishoreganj Town Market,2026-09-15,kg,Retail
114,5,2,Kishoreganj Town Market,2026-09-15,kg,Wholesale
115,5,5,Kishoreganj Boro Bazar,2026-09-15,kg,Wholesale
116,5,7,Kishoreganj Central Market,2026-09-15,kg,Wholesale
117,5,4,Kishoreganj Boro Bazar,2026-11-15,kg,Retail
118,5,7,Kishoreganj Central Market,2026-11-15,kg,Wholesale
119,5,5,Kishoreganj Town Market,2026-11-15,kg,Wholesale
120,5,2,Kishoreganj Boro Bazar,2026-11-15,kg,Wholesale
121,6,4,Madaripur Town Market,2026-01-15,kg,Retail
122,6,8,Madaripur Boro Bazar,2026-01-15,500g pack,Retail
123,6,2,Madaripur Central Market,2026-01-15,kg,Wholesale
124,6,6,Madaripur Boro Bazar,2026-01-15,litre,Wholesale
125,6,7,Madaripur Boro Bazar,2026-03-15,kg,Retail
126,6,3,Madaripur New Market,2026-03-15,kg,Wholesale
127,6,8,Madaripur Central Market,2026-03-15,500g pack,Wholesale
128,6,2,Madaripur New Market,2026-03-15,kg,Wholesale
129,6,5,Madaripur New Market,2026-05-15,kg,Wholesale
130,6,4,Madaripur Town Market,2026-05-15,kg,Retail
131,6,3,Madaripur Boro Bazar,2026-05-15,kg,Wholesale
132,6,2,Madaripur Central Market,2026-05-15,kg,Wholesale
133,6,2,Madaripur Boro Bazar,2026-07-15,kg,Wholesale
134,6,3,Madaripur Central Market,2026-07-15,kg,Retail
135,6,1,Madaripur Boro Bazar,2026-07-15,kg,Retail
136,6,4,Madaripur New Market,2026-07-15,kg,Retail
137,6,5,Madaripur New Market,2026-09-15,kg,Retail
138,6,4,Madaripur Central Market,2026-09-15,kg,Wholesale
139,6,8,Madaripur Town Market,2026-09-15,500g pack,Wholesale
140,6,7,Madaripur Central Market,2026-09-15,kg,Retail
141,6,7,Madaripur Central Market,2026-11-15,kg,Wholesale
142,6,4,Madaripur New Market,2026-11-15,kg,Retail
143,6,6,Madaripur New Market,2026-11-15,litre,Wholesale
144,6,1,Madaripur Boro Bazar,2026-11-15,kg,Retail
145,7,2,Manikganj New Market,2026-01-15,kg,Retail
146,7,1,Manikganj Boro Bazar,2026-01-15,kg,Retail
147,7,5,Manikganj Central Market,2026-01-15,kg,Wholesale
148,7,6,Manikganj Central Market,2026-01-15,litre,Wholesale
149,7,5,Manikganj Town Market,2026-03-15,kg,Retail
150,7,7,Manikganj Boro Bazar,2026-03-15,kg,Retail
151,7,4,Manikganj Central Market,2026-03-15,kg,Retail
152,7,8,Manikganj Central Market,2026-03-15,500g pack,Retail
153,7,5,Manikganj Town Market,2026-05-15,kg,Wholesale
154,7,7,Manikganj Boro Bazar,2026-05-15,kg,Retail
155,7,4,Manikganj New Market,2026-05-15,kg,Retail
156,7,6,Manikganj Central Market,2026-05-15,litre,Retail
157,7,1,Manikganj Central Market,2026-07-15,kg,Retail
158,7,8,Manikganj Central Market,2026-07-15,500g pack,Wholesale
159,7,3,Manikganj Boro Bazar,2026-07-15,kg,Retail
160,7,4,Manikganj Boro Bazar,2026-07-15,kg,Wholesale
161,7,8,Manikganj Central Market,2026-09-15,500g pack,Wholesale
162,7,7,Manikganj New Market,2026-09-15,kg,Wholesale
163,7,3,Manikganj Town Market,2026-09-15,kg,Retail
164,7,2,Manikganj New Market,2026-09-15,kg,Wholesale
165,7,8,Manikganj Central Market,2026-11-15,500g pack,Retail
166,7,3,Manikganj Central Market,2026-11-15,kg,Retail
167,7,7,Manikganj Central Market,2026-11-15,kg,Wholesale
168,7,4,Manikganj New Market,2026-11-15,kg,Retail
169,8,4,Munshiganj Boro Bazar,2026-01-15,kg,Wholesale
170,8,8,Munshiganj Town Market,2026-01-15,500g pack,Retail
171,8,3,Munshiganj Boro Bazar,2026-01-15,kg,Wholesale
172,8,1,Munshiganj Town Market,2026-01-15,kg,Wholesale
173,8,5,Munshiganj New Market,2026-03-15,kg,Retail
174,8,7,Munshiganj Town Market,2026-03-15,kg,Wholesale
175,8,6,Munshiganj Central Market,2026-03-15,litre,Wholesale
176,8,2,Munshiganj Town Market,2026-03-15,kg,Retail
177,8,4,Munshiganj Town Market,2026-05-15,kg,Wholesale
178,8,2,Munshiganj Boro Bazar,2026-05-15,kg,Retail
179,8,7,Munshiganj Boro Bazar,2026-05-15,kg,Wholesale
180,8,1,Munshiganj Central Market,2026-05-15,kg,Wholesale
181,8,1,Munshiganj Central Market,2026-07-15,kg,Retail
182,8,7,Munshiganj Central Market,2026-07-15,kg,Retail
183,8,8,Munshiganj Central Market,2026-07-15,500g pack,Retail
184,8,6,Munshiganj Boro Bazar,2026-07-15,litre,Wholesale
185,8,3,Munshiganj Town Market,2026-09-15,kg,Retail
186,8,8,Munshiganj Boro Bazar,2026-09-15,,Retail
187,8,1,Munshiganj New Market,2026-09-15,kg,Retail
188,8,4,Munshiganj Town Market,2026-09-15,kg,Wholesale
189,8,6,Munshiganj Central Market,2026-11-15,litre,Wholesale
190,8,8,Munshiganj Central Market,2026-11-15,500g pack,Wholesale
191,8,1,Munshiganj New Market,2026-11-15,kg,Retail
192,8,4,Munshiganj New Market,2026-11-15,kg,Wholesale
193,9,8,Narayanganj Town Market,2026-01-15,500g pack,Wholesale
194,9,5,Narayanganj New Market,2026-01-15,kg,Wholesale
195,9,6,Narayanganj New Market,2026-01-15,litre,Retail
196,9,3,Narayanganj Town Market,2026-01-15,kg,Wholesale
197,9,1,Narayanganj Town Market,2026-03-15,kg,Retail
198,9,8,Narayanganj Boro Bazar,2026-03-15,500g pack,Wholesale
199,9,2,Narayanganj New Market,2026-03-15,kg,Retail
200,9,3,Narayanganj Central Market,2026-03-15,kg,Wholesale
201,9,5,Narayanganj Town Market,2026-05-15,kg,Retail
202,9,7,Narayanganj Central Market,2026-05-15,kg,Wholesale
203,9,3,Narayanganj Town Market,2026-05-15,kg,Wholesale
204,9,2,Narayanganj Boro Bazar,2026-05-15,kg,Wholesale
205,9,4,Narayanganj Town Market,2026-07-15,kg,Wholesale
206,9,7,Narayanganj Boro Bazar,2026-07-15,kg,Wholesale
207,9,3,Narayanganj Town Market,2026-07-15,kg,Retail
208,9,5,Narayanganj Town Market,2026-07-15,kg,Retail
209,9,1,Narayanganj Town Market,2026-09-15,kg,Wholesale
210,9,4,Narayanganj Boro Bazar,2026-09-15,kg,Wholesale
211,9,7,Narayanganj New Market,2026-09-15,kg,Retail
212,9,5,Narayanganj New Market,2026-09-15,kg,Wholesale
213,9,7,Narayanganj Boro Bazar,2026-11-15,kg,Wholesale
214,9,6,Narayanganj Boro Bazar,2026-11-15,litre,Wholesale
215,9,8,Narayanganj Boro Bazar,2026-11-15,500g pack,Retail
216,9,2,Narayanganj New Market,2026-11-15,kg,Wholesale
217,10,5,Narsingdi New Market,2026-01-15,kg,Wholesale
218,10,6,Narsingdi New Market,2026-01-15,litre,Retail
219,10,7,Narsingdi Central Market,2026-01-15,kg,Retail
220,10,2,Narsingdi New Market,2026-01-15,kg,Wholesale
221,10,8,Narsingdi Boro Bazar,2026-03-15,500g pack,Wholesale
222,10,4,Narsingdi Central Market,2026-03-15,kg,Retail
223,10,3,Narsingdi Central Market,2026-03-15,kg,Wholesale
224,10,1,Narsingdi Town Market,2026-03-15,kg,Retail
225,10,3,Narsingdi Boro Bazar,2026-05-15,kg,Retail
226,10,5,Narsingdi Central Market,2026-05-15,kg,Retail
227,10,4,Narsingdi Boro Bazar,2026-05-15,kg,Retail
228,10,6,Narsingdi Central Market,2026-05-15,litre,Wholesale
229,10,8,Narsingdi Town Market,2026-07-15,500g pack,Wholesale
230,10,7,Narsingdi New Market,2026-07-15,kg,Wholesale
231,10,5,Narsingdi Town Market,2026-07-15,kg,Retail
232,10,4,Narsingdi New Market,2026-07-15,kg,Wholesale
233,10,1,Narsingdi Boro Bazar,2026-09-15,kg,Retail
234,10,2,Narsingdi New Market,2026-09-15,kg,Wholesale
235,10,8,Narsingdi Boro Bazar,2026-09-15,500g pack,Retail
236,10,7,Narsingdi Central Market,2026-09-15,kg,Wholesale
237,10,6,Narsingdi New Market,2026-11-15,litre,Wholesale
238,10,5,Narsingdi Town Market,2026-11-15,kg,Wholesale
239,10,4,Narsingdi Boro Bazar,2026-11-15,kg,Retail
240,10,8,Narsingdi Central Market,2026-11-15,500g pack,Wholesale
241,11,7,Rajbari Central Market,2026-01-15,kg,Retail
242,11,3,Rajbari Central Market,2026-01-15,kg,Wholesale
243,11,1,Rajbari Central Market,2026-01-15,kg,Wholesale
244,11,8,Rajbari Town Market,2026-01-15,500g pack,Retail
245,11,8,Rajbari Town Market,2026-03-15,500g pack,Wholesale
246,11,4,Rajbari Town Market,2026-03-15,kg,Retail
247,11,3,Rajbari Central Market,2026-03-15,kg,Wholesale
248,11,7,Rajbari Town Market,2026-03-15,kg,Retail
249,11,8,Rajbari New Market,2026-05-15,500g pack,Wholesale
250,11,6,Rajbari New Market,2026-05-15,litre,Retail
251,11,7,Rajbari New Market,2026-05-15,kg,Wholesale
252,11,1,Rajbari New Market,2026-05-15,kg,Wholesale
253,11,4,Rajbari Boro Bazar,2026-07-15,kg,Retail
254,11,7,Rajbari Central Market,2026-07-15,kg,Retail
255,11,8,Rajbari Central Market,2026-07-15,500g pack,Wholesale
256,11,5,Rajbari Boro Bazar,2026-07-15,kg,Retail
257,11,2,Rajbari New Market,2026-09-15,kg,Wholesale
258,11,8,Rajbari Boro Bazar,2026-09-15,500g pack,Retail
259,11,4,Rajbari New Market,2026-09-15,kg,Wholesale
260,11,1,Rajbari New Market,2026-09-15,kg,Retail
261,11,5,Rajbari Boro Bazar,2026-11-15,kg,Retail
262,11,2,Rajbari Central Market,2026-11-15,kg,Retail
263,11,3,Rajbari Boro Bazar,2026-11-15,kg,Wholesale
264,11,1,Rajbari New Market,2026-11-15,kg,Wholesale
265,12,5,Shariatpur New Market,2026-01-15,kg,Wholesale
266,12,6,Shariatpur Boro Bazar,2026-01-15,litre,
267,12,8,Shariatpur Boro Bazar,2026-01-15,500g pack,Retail
268,12,7,Shariatpur Boro Bazar,2026-01-15,kg,Wholesale
269,12,8,Shariatpur Central Market,2026-03-15,500g pack,Retail
270,12,5,Shariatpur Town Market,2026-03-15,kg,Retail
271,12,4,Shariatpur Town Market,2026-03-15,kg,Wholesale
272,12,7,Shariatpur Central Market,2026-03-15,kg,Retail
273,12,2,Shariatpur New Market,2026-05-15,kg,Wholesale
274,12,5,Shariatpur New Market,2026-05-15,kg,Wholesale
275,12,8,Shariatpur New Market,2026-05-15,500g pack,Retail
276,12,1,Shariatpur Town Market,2026-05-15,kg,Wholesale
277,12,5,Shariatpur Town Market,2026-07-15,kg,Retail
278,12,1,Shariatpur Boro Bazar,2026-07-15,kg,Wholesale
279,12,2,Shariatpur Town Market,2026-07-15,kg,Retail
280,12,6,Shariatpur Town Market,2026-07-15,litre,Retail
281,12,2,Shariatpur New Market,2026-09-15,kg,Wholesale
282,12,6,Shariatpur Central Market,2026-09-15,litre,Wholesale
283,12,4,Shariatpur Boro Bazar,2026-09-15,kg,Wholesale
284,12,3,Shariatpur Central Market,2026-09-15,kg,Wholesale
285,12,7,Shariatpur New Market,2026-11-15,kg,Wholesale
286,12,2,Shariatpur Boro Bazar,2026-11-15,kg,Retail
287,12,1,Shariatpur Town Market,2026-11-15,kg,Wholesale
288,12,5,Shariatpur Central Market,2026-11-15,kg,Retail
289,13,1,Tangail Town Market,2026-01-15,kg,Retail
290,13,7,Tangail Boro Bazar,2026-01-15,kg,Retail
291,13,6,Tangail Boro Bazar,2026-01-15,litre,Retail
292,13,8,Tangail New Market,2026-01-15,500g pack,Wholesale
293,13,3,Tangail New Market,2026-03-15,kg,Retail
294,13,1,Tangail Central Market,2026-03-15,kg,Wholesale
295,13,6,Tangail Boro Bazar,2026-03-15,litre,Retail
296,13,4,Tangail New Market,2026-03-15,kg,Retail
297,13,2,Tangail Town Market,2026-05-15,kg,Retail
298,13,8,Tangail Town Market,2026-05-15,500g pack,Retail
299,13,3,Tangail New Market,2026-05-15,kg,Retail
300,13,6,Tangail New Market,2026-05-15,litre,Wholesale
301,13,7,Tangail Boro Bazar,2026-07-15,kg,Wholesale
302,13,6,Tangail Central Market,2026-07-15,litre,Wholesale
303,13,2,Tangail Town Market,2026-07-15,kg,Wholesale
304,13,1,Tangail Central Market,2026-07-15,kg,Wholesale
305,13,1,Tangail Boro Bazar,2026-09-15,kg,Wholesale
306,13,2,Tangail New Market,2026-09-15,kg,Wholesale
307,13,3,,2026-09-15,kg,Wholesale
308,13,5,Tangail New Market,2026-09-15,kg,Retail
309,13,4,Tangail Boro Bazar,2026-11-15,kg,Wholesale
310,13,8,Tangail Boro Bazar,2026-11-15,500g pack,Wholesale
311,13,2,Tangail New Market,2026-11-15,kg,Wholesale
312,13,6,Tangail Town Market,2026-11-15,litre,Wholesale
313,14,7,Bandarban Boro Bazar,2026-01-15,kg,Wholesale
314,14,3,Bandarban Boro Bazar,2026-01-15,kg,Retail
315,14,1,Bandarban Central Market,2026-01-15,kg,Wholesale
316,14,6,Bandarban New Market,2026-01-15,litre,Retail
317,14,8,Bandarban Boro Bazar,2026-03-15,500g pack,Retail
318,14,1,Bandarban New Market,2026-03-15,kg,Retail
319,14,3,Bandarban Boro Bazar,2026-03-15,kg,Retail
320,14,4,Bandarban Boro Bazar,2026-03-15,kg,Retail
321,14,7,Bandarban Boro Bazar,2026-05-15,kg,Retail
322,14,8,Bandarban New Market,2026-05-15,500g pack,Wholesale
323,14,4,Bandarban New Market,2026-05-15,kg,Retail
324,14,5,Bandarban Central Market,2026-05-15,kg,Wholesale
325,14,6,Bandarban Central Market,2026-07-15,litre,Wholesale
326,14,7,Bandarban New Market,2026-07-15,kg,Retail
327,14,2,Bandarban New Market,2026-07-15,kg,Wholesale
328,14,5,Bandarban New Market,2026-07-15,kg,Retail
329,14,5,Bandarban Town Market,2026-09-15,kg,Retail
330,14,4,Bandarban Central Market,2026-09-15,kg,Wholesale
331,14,6,Bandarban Central Market,2026-09-15,litre,Wholesale
332,14,3,Bandarban New Market,2026-09-15,kg,Wholesale
333,14,6,Bandarban Town Market,2026-11-15,litre,Retail
334,14,5,Bandarban Boro Bazar,2026-11-15,kg,Retail
335,14,4,Bandarban Central Market,2026-11-15,kg,Retail
336,14,1,Bandarban Boro Bazar,2026-11-15,kg,Retail
337,15,3,Brahmanbaria Boro Bazar,2026-01-15,kg,Wholesale
338,15,2,Brahmanbaria Town Market,2026-01-15,kg,Retail
339,15,7,Brahmanbaria Town Market,2026-01-15,kg,Wholesale
340,15,6,Brahmanbaria Town Market,2026-01-15,,Wholesale
341,15,8,Brahmanbaria Boro Bazar,2026-03-15,500g pack,Retail
342,15,4,Brahmanbaria Boro Bazar,2026-03-15,kg,Wholesale
343,15,7,Brahmanbaria Central Market,2026-03-15,kg,Retail
344,15,5,Brahmanbaria Central Market,2026-03-15,kg,Wholesale
345,15,1,Brahmanbaria Boro Bazar,2026-05-15,kg,Wholesale
346,15,6,Brahmanbaria New Market,2026-05-15,litre,Wholesale
347,15,3,Brahmanbaria Central Market,2026-05-15,kg,Retail
348,15,5,Brahmanbaria New Market,2026-05-15,kg,Retail
349,15,4,Brahmanbaria New Market,2026-07-15,kg,Wholesale
350,15,7,Brahmanbaria Central Market,2026-07-15,kg,Retail
351,15,5,Brahmanbaria New Market,2026-07-15,kg,Retail
352,15,1,Brahmanbaria Central Market,2026-07-15,kg,Wholesale
353,15,7,Brahmanbaria Town Market,2026-09-15,kg,Wholesale
354,15,5,Brahmanbaria Boro Bazar,2026-09-15,kg,Wholesale
355,15,3,Brahmanbaria Central Market,2026-09-15,kg,Retail
356,15,4,Brahmanbaria New Market,2026-09-15,kg,Retail
357,15,5,Brahmanbaria Boro Bazar,2026-11-15,kg,Wholesale
358,15,1,Brahmanbaria New Market,2026-11-15,kg,Wholesale
359,15,3,Brahmanbaria Central Market,2026-11-15,kg,Retail
360,15,6,Brahmanbaria New Market,2026-11-15,litre,Retail
361,16,1,Chandpur Central Market,2026-01-15,kg,Wholesale
362,16,4,Chandpur Town Market,2026-01-15,kg,Retail
363,16,6,Chandpur Town Market,2026-01-15,litre,Wholesale
364,16,7,Chandpur Boro Bazar,2026-01-15,kg,Wholesale
365,16,6,Chandpur New Market,2026-03-15,litre,Retail
366,16,1,Chandpur New Market,2026-03-15,kg,Retail
367,16,5,Chandpur Boro Bazar,2026-03-15,kg,Retail
368,16,2,Chandpur New Market,2026-03-15,kg,Retail
369,16,7,Chandpur New Market,2026-05-15,kg,Wholesale
370,16,3,Chandpur Boro Bazar,2026-05-15,kg,Wholesale
371,16,6,,2026-05-15,litre,Retail
372,16,1,Chandpur Central Market,2026-05-15,kg,Retail
373,16,3,Chandpur Town Market,2026-07-15,kg,Wholesale
374,16,8,Chandpur Boro Bazar,2026-07-15,500g pack,Wholesale
375,16,2,Chandpur Town Market,2026-07-15,kg,Retail
376,16,7,Chandpur Town Market,2026-07-15,kg,Retail
377,16,7,Chandpur Boro Bazar,2026-09-15,kg,Retail
378,16,4,Chandpur Central Market,2026-09-15,kg,Wholesale
379,16,8,Chandpur Central Market,2026-09-15,500g pack,Retail
380,16,6,Chandpur Boro Bazar,2026-09-15,litre,Retail
381,16,7,Chandpur Town Market,2026-11-15,kg,Retail
382,16,8,Chandpur New Market,2026-11-15,500g pack,Retail
383,16,1,Chandpur Boro Bazar,2026-11-15,kg,Wholesale
384,16,6,Chandpur Boro Bazar,2026-11-15,litre,Retail
385,17,6,Chattogram New Market,2026-01-15,litre,Wholesale
386,17,2,Chattogram Central Market,2026-01-15,kg,Retail
387,17,5,Chattogram Town Market,2026-01-15,kg,Wholesale
388,17,8,Chattogram Central Market,2026-01-15,500g pack,Retail
389,17,2,,2026-03-15,kg,Wholesale
390,17,7,Chattogram Boro Bazar,2026-03-15,kg,Retail
391,17,8,Chattogram Town Market,2026-03-15,500g pack,Retail
392,17,6,Chattogram Boro Bazar,2026-03-15,litre,Wholesale
393,17,6,Chattogram Town Market,2026-05-15,litre,Retail
394,17,7,Chattogram Boro Bazar,2026-05-15,kg,Retail
395,17,3,Chattogram Central Market,2026-05-15,kg,Wholesale
396,17,2,Chattogram New Market,2026-05-15,kg,Retail
397,17,5,Chattogram Town Market,2026-07-15,kg,Retail
398,17,1,Chattogram New Market,2026-07-15,kg,Wholesale
399,17,7,Chattogram New Market,2026-07-15,kg,Retail
400,17,4,Chattogram Central Market,2026-07-15,kg,Retail
401,17,8,Chattogram Central Market,2026-09-15,500g pack,Retail
402,17,5,Chattogram Town Market,2026-09-15,kg,Wholesale
403,17,2,Chattogram Boro Bazar,2026-09-15,kg,Retail
404,17,7,Chattogram Boro Bazar,2026-09-15,kg,Retail
405,17,6,Chattogram New Market,2026-11-15,litre,Wholesale
406,17,4,Chattogram Town Market,2026-11-15,kg,Retail
407,17,5,Chattogram Central Market,2026-11-15,kg,Retail
408,17,1,Chattogram Central Market,2026-11-15,kg,Wholesale
409,18,2,Cumilla Central Market,2026-01-15,kg,Wholesale
410,18,1,Cumilla Town Market,2026-01-15,kg,Retail
411,18,7,Cumilla Town Market,2026-01-15,kg,Retail
412,18,4,Cumilla Town Market,2026-01-15,kg,Wholesale
413,18,7,Cumilla Town Market,2026-03-15,kg,Retail
414,18,4,Cumilla Central Market,2026-03-15,kg,Retail
415,18,6,Cumilla Central Market,2026-03-15,litre,Retail
416,18,8,Cumilla Boro Bazar,2026-03-15,500g pack,Retail
417,18,2,Cumilla Central Market,2026-05-15,kg,Retail
418,18,3,Cumilla New Market,2026-05-15,kg,Wholesale
419,18,8,Cumilla New Market,2026-05-15,500g pack,Wholesale
420,18,5,Cumilla Boro Bazar,2026-05-15,kg,Retail
421,18,1,Cumilla Town Market,2026-07-15,kg,Wholesale
422,18,3,Cumilla Boro Bazar,2026-07-15,kg,Retail
423,18,7,Cumilla New Market,2026-07-15,kg,Wholesale
424,18,4,Cumilla New Market,2026-07-15,kg,Retail
425,18,3,Cumilla Town Market,2026-09-15,kg,Retail
426,18,6,Cumilla Town Market,2026-09-15,litre,Retail
427,18,8,Cumilla New Market,2026-09-15,500g pack,Retail
428,18,7,Cumilla Town Market,2026-09-15,kg,Wholesale
429,18,4,Cumilla Central Market,2026-11-15,kg,Retail
430,18,2,Cumilla New Market,2026-11-15,kg,Wholesale
431,18,8,Cumilla New Market,2026-11-15,500g pack,Wholesale
432,18,1,Cumilla Boro Bazar,2026-11-15,kg,Wholesale
433,19,3,Cox's Bazar New Market,2026-01-15,kg,Wholesale
434,19,8,Cox's Bazar Town Market,2026-01-15,500g pack,Wholesale
435,19,1,Cox's Bazar Central Market,2026-01-15,kg,Retail
436,19,5,Cox's Bazar New Market,2026-01-15,kg,Retail
437,19,6,Cox's Bazar Central Market,2026-03-15,litre,Wholesale
438,19,1,Cox's Bazar New Market,2026-03-15,kg,Wholesale
439,19,5,Cox's Bazar Boro Bazar,2026-03-15,kg,Wholesale
440,19,8,Cox's Bazar Town Market,2026-03-15,500g pack,Wholesale
441,19,2,Cox's Bazar Central Market,2026-05-15,kg,Retail
442,19,4,Cox's Bazar Central Market,2026-05-15,kg,Wholesale
443,19,7,Cox's Bazar Town Market,2026-05-15,kg,Wholesale
444,19,3,Cox's Bazar Town Market,2026-05-15,kg,Wholesale
445,19,7,Cox's Bazar Boro Bazar,2026-07-15,kg,Wholesale
446,19,3,Cox's Bazar New Market,2026-07-15,kg,Retail
447,19,1,Cox's Bazar Boro Bazar,2026-07-15,kg,Retail
448,19,8,Cox's Bazar Boro Bazar,2026-07-15,500g pack,Wholesale
449,19,5,Cox's Bazar Boro Bazar,2026-09-15,kg,Retail
450,19,2,Cox's Bazar Town Market,2026-09-15,kg,Retail
451,19,7,Cox's Bazar Boro Bazar,2026-09-15,kg,Wholesale
452,19,1,Cox's Bazar Town Market,2026-09-15,kg,Wholesale
453,19,3,Cox's Bazar Boro Bazar,2026-11-15,kg,Wholesale
454,19,8,Cox's Bazar Central Market,2026-11-15,500g pack,Retail
455,19,6,Cox's Bazar New Market,2026-11-15,litre,Wholesale
456,19,2,Cox's Bazar New Market,2026-11-15,kg,Retail
457,20,8,Feni Town Market,2026-01-15,500g pack,Wholesale
458,20,6,Feni Boro Bazar,2026-01-15,litre,Retail
459,20,2,Feni Central Market,2026-01-15,kg,Wholesale
460,20,7,Feni Town Market,2026-01-15,kg,Wholesale
461,20,7,Feni Town Market,2026-03-15,kg,Wholesale
462,20,4,Feni New Market,2026-03-15,kg,Retail
463,20,5,Feni Town Market,2026-03-15,kg,Retail
464,20,2,Feni Central Market,2026-03-15,kg,Retail
465,20,1,Feni New Market,2026-05-15,kg,Retail
466,20,5,Feni New Market,2026-05-15,kg,Wholesale
467,20,8,Feni Town Market,2026-05-15,500g pack,Wholesale
468,20,4,Feni New Market,2026-05-15,kg,Wholesale
469,20,2,Feni Central Market,2026-07-15,kg,Wholesale
470,20,7,Feni Boro Bazar,2026-07-15,kg,Retail
471,20,1,Feni New Market,2026-07-15,kg,Retail
472,20,8,Feni Town Market,2026-07-15,500g pack,Wholesale
473,20,4,Feni Town Market,2026-09-15,kg,Wholesale
474,20,5,Feni Boro Bazar,2026-09-15,kg,Retail
475,20,1,Feni Central Market,2026-09-15,kg,Wholesale
476,20,6,Feni New Market,2026-09-15,litre,Retail
477,20,6,Feni New Market,2026-11-15,litre,Wholesale
478,20,5,Feni New Market,2026-11-15,kg,Wholesale
479,20,7,Feni New Market,2026-11-15,kg,Wholesale
480,20,1,Feni Central Market,2026-11-15,kg,Wholesale
481,21,6,Khagrachhari Boro Bazar,2026-01-15,litre,Retail
482,21,7,Khagrachhari Central Market,2026-01-15,kg,Retail
483,21,4,Khagrachhari Boro Bazar,2026-01-15,kg,Wholesale
484,21,1,Khagrachhari Town Market,2026-01-15,kg,Wholesale
485,21,4,Khagrachhari Central Market,2026-03-15,kg,Wholesale
486,21,2,Khagrachhari Central Market,2026-03-15,kg,Wholesale
487,21,5,Khagrachhari Central Market,2026-03-15,kg,Retail
488,21,3,Khagrachhari Town Market,2026-03-15,kg,Retail
489,21,6,Khagrachhari Boro Bazar,2026-05-15,litre,Wholesale
490,21,5,Khagrachhari Central Market,2026-05-15,kg,Wholesale
491,21,1,Khagrachhari Central Market,2026-05-15,kg,Wholesale
492,21,2,Khagrachhari Boro Bazar,2026-05-15,kg,Wholesale
493,21,2,Khagrachhari Boro Bazar,2026-07-15,kg,Retail
494,21,6,Khagrachhari Town Market,2026-07-15,litre,Retail
495,21,8,Khagrachhari New Market,2026-07-15,500g pack,Retail
496,21,1,Khagrachhari Boro Bazar,2026-07-15,kg,Retail
497,21,2,Khagrachhari Town Market,2026-09-15,kg,Retail
498,21,4,Khagrachhari Central Market,2026-09-15,kg,Retail
499,21,5,Khagrachhari Town Market,2026-09-15,kg,Wholesale
500,21,7,Khagrachhari Town Market,2026-09-15,kg,Wholesale
501,21,5,Khagrachhari Central Market,2026-11-15,kg,Retail
502,21,8,Khagrachhari New Market,2026-11-15,500g pack,Retail
503,21,3,Khagrachhari New Market,2026-11-15,kg,Wholesale
504,21,1,Khagrachhari Central Market,2026-11-15,kg,Retail
505,22,5,Lakshmipur Town Market,2026-01-15,kg,Retail
506,22,8,Lakshmipur Boro Bazar,2026-01-15,500g pack,Wholesale
507,22,4,Lakshmipur Town Market,2026-01-15,kg,Wholesale
508,22,6,Lakshmipur New Market,2026-01-15,litre,Wholesale
509,22,7,Lakshmipur Central Market,2026-03-15,kg,Retail
510,22,1,Lakshmipur New Market,2026-03-15,kg,Wholesale
511,22,6,Lakshmipur Boro Bazar,2026-03-15,litre,Retail
512,22,8,Lakshmipur New Market,2026-03-15,500g pack,Retail
513,22,1,Lakshmipur Central Market,2026-05-15,kg,Retail
514,22,8,Lakshmipur Town Market,2026-05-15,500g pack,Wholesale
515,22,3,Lakshmipur Town Market,2026-05-15,kg,Wholesale
516,22,7,Lakshmipur Boro Bazar,2026-05-15,kg,Wholesale
517,22,5,Lakshmipur Town Market,2026-07-15,kg,Retail
518,22,6,Lakshmipur Town Market,2026-07-15,litre,Wholesale
519,22,4,Lakshmipur New Market,2026-07-15,kg,Wholesale
520,22,8,Lakshmipur New Market,2026-07-15,500g pack,Retail
521,22,6,Lakshmipur Town Market,2026-09-15,litre,Wholesale
522,22,3,Lakshmipur Central Market,2026-09-15,kg,Retail
523,22,7,Lakshmipur Central Market,2026-09-15,kg,Wholesale
524,22,5,Lakshmipur New Market,2026-09-15,kg,Wholesale
525,22,4,Lakshmipur Central Market,2026-11-15,kg,Retail
526,22,8,Lakshmipur Boro Bazar,2026-11-15,500g pack,Retail
527,22,2,Lakshmipur Central Market,2026-11-15,kg,Wholesale
528,22,6,Lakshmipur New Market,2026-11-15,litre,Retail
529,23,3,Noakhali Boro Bazar,2026-01-15,kg,Wholesale
530,23,2,Noakhali Central Market,2026-01-15,kg,Retail
531,23,7,Noakhali New Market,2026-01-15,kg,Retail
532,23,4,Noakhali New Market,2026-01-15,kg,Wholesale
533,23,3,Noakhali Boro Bazar,2026-03-15,kg,Wholesale
534,23,5,Noakhali Central Market,2026-03-15,kg,Wholesale
535,23,2,Noakhali New Market,2026-03-15,kg,Retail
536,23,1,Noakhali Central Market,2026-03-15,kg,Retail
537,23,4,Noakhali New Market,2026-05-15,kg,Retail
538,23,2,Noakhali New Market,2026-05-15,kg,Retail
539,23,5,Noakhali Town Market,2026-05-15,kg,Wholesale
540,23,8,Noakhali Boro Bazar,2026-05-15,500g pack,Retail
541,23,7,Noakhali Boro Bazar,2026-07-15,kg,Retail
542,23,2,Noakhali Boro Bazar,2026-07-15,kg,Wholesale
543,23,1,Noakhali Town Market,2026-07-15,kg,Wholesale
544,23,6,Noakhali Boro Bazar,2026-07-15,litre,Wholesale
545,23,6,Noakhali New Market,2026-09-15,litre,Wholesale
546,23,3,Noakhali Boro Bazar,2026-09-15,kg,Wholesale
547,23,5,Noakhali Boro Bazar,2026-09-15,kg,Wholesale
548,23,7,Noakhali Boro Bazar,2026-09-15,kg,Retail
549,23,1,Noakhali Town Market,2026-11-15,kg,Wholesale
550,23,5,Noakhali Town Market,2026-11-15,kg,Wholesale
551,23,4,Noakhali New Market,2026-11-15,kg,Wholesale
552,23,2,Noakhali Boro Bazar,2026-11-15,kg,Retail
553,24,7,Rangamati Boro Bazar,2026-01-15,kg,Wholesale
554,24,8,Rangamati Central Market,2026-01-15,500g pack,Retail
555,24,6,Rangamati Boro Bazar,2026-01-15,litre,Retail
556,24,5,Rangamati Central Market,2026-01-15,kg,Retail
557,24,2,Rangamati Central Market,2026-03-15,kg,Wholesale
558,24,6,Rangamati Town Market,2026-03-15,litre,Wholesale
559,24,8,Rangamati New Market,2026-03-15,500g pack,Wholesale
560,24,3,Rangamati Central Market,2026-03-15,kg,Wholesale
561,24,5,Rangamati Central Market,2026-05-15,kg,Retail
562,24,4,Rangamati Central Market,2026-05-15,kg,Retail
563,24,2,Rangamati New Market,2026-05-15,kg,Wholesale
564,24,3,Rangamati New Market,2026-05-15,kg,Wholesale
565,24,2,Rangamati Boro Bazar,2026-07-15,kg,Wholesale
566,24,4,Rangamati Central Market,2026-07-15,kg,Retail
567,24,6,Rangamati Boro Bazar,2026-07-15,litre,Retail
568,24,3,Rangamati Town Market,2026-07-15,kg,Retail
569,24,5,Rangamati Town Market,2026-09-15,kg,Retail
570,24,8,Rangamati Town Market,2026-09-15,500g pack,Retail
571,24,4,Rangamati Central Market,2026-09-15,kg,Retail
572,24,1,Rangamati Town Market,2026-09-15,kg,Wholesale
573,24,4,Rangamati Boro Bazar,2026-11-15,kg,Retail
574,24,5,Rangamati New Market,2026-11-15,kg,Retail
575,24,7,Rangamati New Market,2026-11-15,kg,Wholesale
576,24,3,Rangamati Boro Bazar,2026-11-15,kg,Wholesale
577,25,5,Bogura New Market,2026-01-15,kg,Retail
578,25,6,Bogura Boro Bazar,2026-01-15,litre,Retail
579,25,4,Bogura Boro Bazar,2026-01-15,kg,Wholesale
580,25,7,Bogura New Market,2026-01-15,kg,Retail
581,25,1,Bogura Boro Bazar,2026-03-15,kg,Wholesale
582,25,8,Bogura Boro Bazar,2026-03-15,500g pack,Wholesale
583,25,7,Bogura Boro Bazar,2026-03-15,kg,Retail
584,25,3,Bogura New Market,2026-03-15,kg,Retail
585,25,3,Bogura Boro Bazar,2026-05-15,kg,Wholesale
586,25,8,Bogura Central Market,2026-05-15,500g pack,Retail
587,25,6,Bogura Boro Bazar,2026-05-15,litre,Wholesale
588,25,7,Bogura New Market,2026-05-15,kg,Wholesale
589,25,6,Bogura Central Market,2026-07-15,litre,Wholesale
590,25,8,Bogura Boro Bazar,2026-07-15,500g pack,Wholesale
591,25,4,Bogura Town Market,2026-07-15,kg,Wholesale
592,25,2,Bogura Boro Bazar,2026-07-15,kg,Retail
593,25,8,Bogura Boro Bazar,2026-09-15,500g pack,Wholesale
594,25,3,Bogura Town Market,2026-09-15,kg,Retail
595,25,5,Bogura Boro Bazar,2026-09-15,kg,Retail
596,25,4,Bogura Central Market,2026-09-15,kg,Wholesale
597,25,8,Bogura Town Market,2026-11-15,500g pack,Retail
598,25,5,Bogura New Market,2026-11-15,kg,Wholesale
599,25,4,Bogura New Market,2026-11-15,kg,Retail
600,25,1,Bogura Central Market,2026-11-15,kg,Wholesale
601,26,2,Joypurhat Town Market,2026-01-15,kg,Wholesale
602,26,5,Joypurhat Town Market,2026-01-15,,Wholesale
603,26,6,Joypurhat Central Market,2026-01-15,litre,Retail
604,26,3,Joypurhat Boro Bazar,2026-01-15,kg,Wholesale
605,26,7,Joypurhat Central Market,2026-03-15,kg,Wholesale
606,26,6,Joypurhat New Market,2026-03-15,litre,Wholesale
607,26,1,Joypurhat Town Market,2026-03-15,kg,Retail
608,26,8,Joypurhat Central Market,2026-03-15,500g pack,Retail
609,26,6,Joypurhat Central Market,2026-05-15,litre,Retail
610,26,4,Joypurhat Central Market,2026-05-15,kg,Wholesale
611,26,3,Joypurhat Town Market,2026-05-15,kg,Wholesale
612,26,2,Joypurhat Central Market,2026-05-15,kg,Retail
613,26,4,Joypurhat Boro Bazar,2026-07-15,kg,Wholesale
614,26,2,Joypurhat Boro Bazar,2026-07-15,kg,Retail
615,26,3,Joypurhat Boro Bazar,2026-07-15,kg,Wholesale
616,26,5,Joypurhat Town Market,2026-07-15,kg,Retail
617,26,4,Joypurhat Central Market,2026-09-15,kg,Wholesale
618,26,5,Joypurhat New Market,2026-09-15,kg,Wholesale
619,26,3,Joypurhat Town Market,2026-09-15,kg,Retail
620,26,8,Joypurhat New Market,2026-09-15,500g pack,Wholesale
621,26,1,Joypurhat Central Market,2026-11-15,kg,Wholesale
622,26,4,Joypurhat New Market,2026-11-15,kg,Retail
623,26,5,Joypurhat Boro Bazar,2026-11-15,kg,Retail
624,26,8,Joypurhat New Market,2026-11-15,500g pack,Retail
625,27,8,Naogaon Central Market,2026-01-15,500g pack,Retail
626,27,7,Naogaon Boro Bazar,2026-01-15,kg,Wholesale
627,27,5,Naogaon Town Market,2026-01-15,kg,Retail
628,27,1,Naogaon Central Market,2026-01-15,kg,Wholesale
629,27,4,Naogaon New Market,2026-03-15,kg,Retail
630,27,7,Naogaon New Market,2026-03-15,kg,Wholesale
631,27,1,Naogaon New Market,2026-03-15,kg,Wholesale
632,27,3,Naogaon Central Market,2026-03-15,kg,Retail
633,27,4,Naogaon Boro Bazar,2026-05-15,kg,Wholesale
634,27,7,Naogaon New Market,2026-05-15,kg,Retail
635,27,8,Naogaon Boro Bazar,2026-05-15,500g pack,Retail
636,27,3,Naogaon Boro Bazar,2026-05-15,kg,Retail
637,27,1,Naogaon Boro Bazar,2026-07-15,kg,Wholesale
638,27,3,Naogaon Town Market,2026-07-15,kg,Wholesale
639,27,8,Naogaon Town Market,2026-07-15,500g pack,Retail
640,27,6,Naogaon Town Market,2026-07-15,litre,Retail
641,27,1,Naogaon Boro Bazar,2026-09-15,kg,Retail
642,27,6,Naogaon Central Market,2026-09-15,litre,Retail
643,27,5,Naogaon New Market,2026-09-15,kg,Wholesale
644,27,4,Naogaon Town Market,2026-09-15,kg,Wholesale
645,27,2,Naogaon New Market,2026-11-15,kg,Retail
646,27,3,Naogaon Boro Bazar,2026-11-15,kg,Wholesale
647,27,1,Naogaon New Market,2026-11-15,kg,Retail
648,27,4,Naogaon Central Market,2026-11-15,kg,Wholesale
649,28,2,Natore Boro Bazar,2026-01-15,kg,Wholesale
650,28,8,Natore Boro Bazar,2026-01-15,500g pack,Wholesale
651,28,3,Natore New Market,2026-01-15,kg,Wholesale
652,28,7,Natore Town Market,2026-01-15,kg,Wholesale
653,28,1,Natore Central Market,2026-03-15,kg,Retail
654,28,5,Natore Central Market,2026-03-15,kg,Wholesale
655,28,7,Natore New Market,2026-03-15,kg,Retail
656,28,4,Natore Boro Bazar,2026-03-15,kg,Retail
657,28,1,,2026-05-15,kg,Wholesale
658,28,3,Natore New Market,2026-05-15,kg,Wholesale
659,28,8,Natore New Market,2026-05-15,500g pack,Retail
660,28,5,Natore Town Market,2026-05-15,kg,Retail
661,28,8,Natore Boro Bazar,2026-07-15,500g pack,Wholesale
662,28,7,Natore New Market,2026-07-15,kg,Retail
663,28,4,Natore Town Market,2026-07-15,kg,Wholesale
664,28,1,Natore Central Market,2026-07-15,kg,Wholesale
665,28,1,Natore New Market,2026-09-15,kg,Retail
666,28,2,Natore Central Market,2026-09-15,kg,Retail
667,28,8,Natore Boro Bazar,2026-09-15,500g pack,Retail
668,28,6,Natore New Market,2026-09-15,litre,Retail
669,28,8,Natore Town Market,2026-11-15,500g pack,Wholesale
670,28,7,Natore New Market,2026-11-15,kg,Wholesale
671,28,2,Natore Central Market,2026-11-15,kg,Retail
672,28,5,Natore Town Market,2026-11-15,kg,Retail
673,29,6,Chapai Nawabganj Boro Bazar,2026-01-15,litre,Wholesale
674,29,4,Chapai Nawabganj Boro Bazar,2026-01-15,kg,Wholesale
675,29,7,Chapai Nawabganj Boro Bazar,2026-01-15,kg,Retail
676,29,5,Chapai Nawabganj Central Market,2026-01-15,kg,Retail
677,29,4,Chapai Nawabganj Central Market,2026-03-15,kg,Retail
678,29,6,Chapai Nawabganj Boro Bazar,2026-03-15,litre,Wholesale
679,29,1,Chapai Nawabganj New Market,2026-03-15,kg,Retail
680,29,7,Chapai Nawabganj Central Market,2026-03-15,kg,Wholesale
681,29,7,Chapai Nawabganj Boro Bazar,2026-05-15,kg,Wholesale
682,29,4,Chapai Nawabganj New Market,2026-05-15,kg,Wholesale
683,29,2,Chapai Nawabganj Town Market,2026-05-15,kg,Retail
684,29,6,Chapai Nawabganj Boro Bazar,2026-05-15,litre,Retail
685,29,6,Chapai Nawabganj Town Market,2026-07-15,litre,Wholesale
686,29,7,Chapai Nawabganj Town Market,2026-07-15,kg,Wholesale
687,29,3,Chapai Nawabganj Central Market,2026-07-15,kg,Wholesale
688,29,2,Chapai Nawabganj Town Market,2026-07-15,kg,Wholesale
689,29,6,Chapai Nawabganj Central Market,2026-09-15,litre,Retail
690,29,5,Chapai Nawabganj Boro Bazar,2026-09-15,kg,Wholesale
691,29,8,Chapai Nawabganj New Market,2026-09-15,500g pack,Wholesale
692,29,3,Chapai Nawabganj New Market,2026-09-15,kg,Wholesale
693,29,5,Chapai Nawabganj Central Market,2026-11-15,kg,Retail
694,29,3,Chapai Nawabganj Central Market,2026-11-15,kg,Retail
695,29,2,Chapai Nawabganj Town Market,2026-11-15,kg,Wholesale
696,29,6,Chapai Nawabganj Central Market,2026-11-15,litre,Wholesale
697,30,7,Pabna Town Market,2026-01-15,kg,Retail
698,30,1,Pabna Central Market,2026-01-15,kg,Wholesale
699,30,6,Pabna Central Market,2026-01-15,litre,Retail
700,30,5,Pabna Boro Bazar,2026-01-15,kg,Wholesale
701,30,4,Pabna Town Market,2026-03-15,kg,Retail
702,30,7,Pabna Town Market,2026-03-15,kg,Retail
703,30,3,Pabna Boro Bazar,2026-03-15,kg,Retail
704,30,8,Pabna Town Market,2026-03-15,500g pack,Retail
705,30,4,Pabna New Market,2026-05-15,kg,Wholesale
706,30,8,Pabna Town Market,2026-05-15,500g pack,Retail
707,30,3,Pabna Central Market,2026-05-15,kg,Retail
708,30,6,Pabna New Market,2026-05-15,litre,Wholesale
709,30,3,Pabna Town Market,2026-07-15,kg,Retail
710,30,6,Pabna Central Market,2026-07-15,litre,Retail
711,30,1,Pabna Town Market,2026-07-15,kg,Retail
712,30,8,Pabna New Market,2026-07-15,500g pack,Wholesale
713,30,6,Pabna New Market,2026-09-15,litre,Wholesale
714,30,5,Pabna Town Market,2026-09-15,kg,Wholesale
715,30,3,Pabna Central Market,2026-09-15,kg,Wholesale
716,30,2,,2026-09-15,kg,Retail
717,30,7,Pabna Town Market,2026-11-15,kg,Wholesale
718,30,5,Pabna Town Market,2026-11-15,kg,Retail
719,30,4,Pabna Town Market,2026-11-15,kg,Wholesale
720,30,2,Pabna Central Market,2026-11-15,kg,Retail
721,31,4,Rajshahi Town Market,2026-01-15,kg,Wholesale
722,31,1,Rajshahi Central Market,2026-01-15,kg,Retail
723,31,6,Rajshahi New Market,2026-01-15,litre,Retail
724,31,3,Rajshahi Town Market,2026-01-15,kg,Wholesale
725,31,1,Rajshahi Central Market,2026-03-15,kg,Retail
726,31,2,Rajshahi New Market,2026-03-15,kg,Retail
727,31,3,Rajshahi Boro Bazar,2026-03-15,kg,Wholesale
728,31,7,Rajshahi Town Market,2026-03-15,kg,Retail
729,31,4,Rajshahi Central Market,2026-05-15,kg,Retail
730,31,2,Rajshahi Central Market,2026-05-15,kg,Retail
731,31,7,Rajshahi New Market,2026-05-15,kg,Retail
732,31,3,Rajshahi Central Market,2026-05-15,kg,Wholesale
733,31,3,Rajshahi Boro Bazar,2026-07-15,kg,Wholesale
734,31,5,Rajshahi Central Market,2026-07-15,kg,Retail
735,31,2,Rajshahi New Market,2026-07-15,kg,Retail
736,31,4,Rajshahi Central Market,2026-07-15,kg,Wholesale
737,31,1,Rajshahi Boro Bazar,2026-09-15,kg,Wholesale
738,31,8,Rajshahi Town Market,2026-09-15,500g pack,Wholesale
739,31,4,Rajshahi Town Market,2026-09-15,kg,Wholesale
740,31,6,Rajshahi Boro Bazar,2026-09-15,litre,Retail
741,31,2,Rajshahi Town Market,2026-11-15,kg,Wholesale
742,31,8,Rajshahi Central Market,2026-11-15,500g pack,Wholesale
743,31,6,Rajshahi New Market,2026-11-15,litre,Retail
744,31,3,Rajshahi New Market,2026-11-15,kg,Wholesale
745,32,3,Sirajganj New Market,2026-01-15,kg,Wholesale
746,32,6,Sirajganj Central Market,2026-01-15,litre,Retail
747,32,2,Sirajganj Town Market,2026-01-15,kg,Wholesale
748,32,4,Sirajganj New Market,2026-01-15,kg,Wholesale
749,32,4,Sirajganj Central Market,2026-03-15,kg,Retail
750,32,7,Sirajganj Boro Bazar,2026-03-15,kg,Retail
751,32,8,Sirajganj New Market,2026-03-15,500g pack,Retail
752,32,2,Sirajganj New Market,2026-03-15,kg,Wholesale
753,32,7,Sirajganj Town Market,2026-05-15,kg,Retail
754,32,1,Sirajganj Boro Bazar,2026-05-15,kg,Wholesale
755,32,5,Sirajganj Boro Bazar,2026-05-15,kg,Retail
756,32,2,Sirajganj Central Market,2026-05-15,kg,Retail
757,32,1,Sirajganj Boro Bazar,2026-07-15,kg,Wholesale
758,32,7,Sirajganj New Market,2026-07-15,kg,Retail
759,32,6,Sirajganj Town Market,2026-07-15,litre,Retail
760,32,8,Sirajganj Town Market,2026-07-15,500g pack,Retail
761,32,2,Sirajganj Central Market,2026-09-15,kg,Wholesale
762,32,4,Sirajganj Central Market,2026-09-15,kg,Wholesale
763,32,7,Sirajganj Central Market,2026-09-15,kg,Wholesale
764,32,3,Sirajganj Boro Bazar,2026-09-15,kg,Wholesale
765,32,3,Sirajganj Boro Bazar,2026-11-15,kg,Wholesale
766,32,4,Sirajganj Central Market,2026-11-15,kg,Wholesale
767,32,6,Sirajganj Town Market,2026-11-15,litre,Retail
768,32,1,Sirajganj Boro Bazar,2026-11-15,kg,Wholesale
769,33,7,Bagerhat New Market,2026-01-15,kg,Retail
770,33,8,Bagerhat New Market,2026-01-15,500g pack,Wholesale
771,33,6,Bagerhat Boro Bazar,2026-01-15,litre,Retail
772,33,1,Bagerhat Town Market,2026-01-15,kg,Retail
773,33,1,Bagerhat Town Market,2026-03-15,kg,Retail
774,33,2,Bagerhat Central Market,2026-03-15,kg,Retail
775,33,5,Bagerhat New Market,2026-03-15,kg,Wholesale
776,33,4,Bagerhat New Market,2026-03-15,kg,Wholesale
777,33,1,Bagerhat Town Market,2026-05-15,kg,Wholesale
778,33,2,Bagerhat Boro Bazar,2026-05-15,kg,Wholesale
779,33,7,Bagerhat Boro Bazar,2026-05-15,kg,Wholesale
780,33,6,Bagerhat Central Market,2026-05-15,litre,Retail
781,33,1,Bagerhat New Market,2026-07-15,kg,Wholesale
782,33,6,Bagerhat Town Market,2026-07-15,litre,Wholesale
783,33,5,Bagerhat Boro Bazar,2026-07-15,kg,Retail
784,33,7,Bagerhat Central Market,2026-07-15,kg,Wholesale
785,33,3,Bagerhat Boro Bazar,2026-09-15,kg,Wholesale
786,33,4,Bagerhat Boro Bazar,2026-09-15,kg,Wholesale
787,33,5,Bagerhat Central Market,2026-09-15,kg,Wholesale
788,33,2,Bagerhat Boro Bazar,2026-09-15,kg,Retail
789,33,5,Bagerhat New Market,2026-11-15,kg,Wholesale
790,33,4,Bagerhat Central Market,2026-11-15,kg,Wholesale
791,33,6,Bagerhat Town Market,2026-11-15,litre,Wholesale
792,33,1,Bagerhat Central Market,2026-11-15,kg,Retail
793,34,2,Chuadanga Central Market,2026-01-15,kg,Wholesale
794,34,8,Chuadanga Boro Bazar,2026-01-15,500g pack,Retail
795,34,7,Chuadanga New Market,2026-01-15,kg,Wholesale
796,34,3,Chuadanga New Market,2026-01-15,kg,Retail
797,34,5,Chuadanga Boro Bazar,2026-03-15,kg,Wholesale
798,34,1,Chuadanga New Market,2026-03-15,kg,Retail
799,34,2,Chuadanga Boro Bazar,2026-03-15,kg,Retail
800,34,4,Chuadanga Boro Bazar,2026-03-15,kg,Retail
801,34,2,Chuadanga Central Market,2026-05-15,kg,Wholesale
802,34,4,Chuadanga Town Market,2026-05-15,kg,Retail
803,34,5,Chuadanga Central Market,2026-05-15,kg,Wholesale
804,34,1,Chuadanga Boro Bazar,2026-05-15,kg,Retail
805,34,3,Chuadanga Central Market,2026-07-15,kg,Wholesale
806,34,5,Chuadanga Central Market,2026-07-15,kg,Retail
807,34,1,Chuadanga Town Market,2026-07-15,kg,Retail
808,34,8,Chuadanga Boro Bazar,2026-07-15,500g pack,Retail
809,34,6,Chuadanga New Market,2026-09-15,litre,Wholesale
810,34,2,Chuadanga Central Market,2026-09-15,kg,Wholesale
811,34,1,Chuadanga New Market,2026-09-15,kg,Wholesale
812,34,3,Chuadanga Central Market,2026-09-15,kg,Wholesale
813,34,7,Chuadanga New Market,2026-11-15,kg,Retail
814,34,1,Chuadanga Town Market,2026-11-15,,Wholesale
815,34,8,Chuadanga Central Market,2026-11-15,500g pack,Retail
816,34,5,Chuadanga Central Market,2026-11-15,kg,Wholesale
817,35,3,Jashore New Market,2026-01-15,kg,Retail
818,35,8,Jashore Boro Bazar,2026-01-15,500g pack,Wholesale
819,35,6,Jashore Central Market,2026-01-15,litre,Wholesale
820,35,7,Jashore Town Market,2026-01-15,kg,Retail
821,35,8,Jashore Town Market,2026-03-15,500g pack,Retail
822,35,4,Jashore Town Market,2026-03-15,kg,Retail
823,35,2,Jashore Town Market,2026-03-15,kg,Retail
824,35,1,Jashore Boro Bazar,2026-03-15,kg,Wholesale
825,35,3,Jashore Central Market,2026-05-15,kg,
826,35,1,Jashore Town Market,2026-05-15,kg,Wholesale
827,35,8,Jashore Town Market,2026-05-15,500g pack,Wholesale
828,35,2,Jashore Town Market,2026-05-15,kg,Retail
829,35,7,Jashore Boro Bazar,2026-07-15,kg,Retail
830,35,2,Jashore New Market,2026-07-15,kg,Wholesale
831,35,4,Jashore Central Market,2026-07-15,kg,Wholesale
832,35,6,Jashore Central Market,2026-07-15,litre,Wholesale
833,35,4,Jashore Central Market,2026-09-15,kg,Retail
834,35,6,Jashore Central Market,2026-09-15,litre,Retail
835,35,5,Jashore Central Market,2026-09-15,kg,Retail
836,35,3,Jashore Town Market,2026-09-15,kg,Retail
837,35,3,Jashore Boro Bazar,2026-11-15,kg,Wholesale
838,35,6,Jashore Town Market,2026-11-15,litre,Retail
839,35,2,Jashore Boro Bazar,2026-11-15,kg,Wholesale
840,35,8,Jashore Town Market,2026-11-15,500g pack,Wholesale
841,36,7,Jhenaidah Central Market,2026-01-15,kg,Retail
842,36,3,Jhenaidah Boro Bazar,2026-01-15,kg,Wholesale
843,36,5,Jhenaidah New Market,2026-01-15,kg,Wholesale
844,36,8,Jhenaidah Boro Bazar,2026-01-15,500g pack,Retail
845,36,4,Jhenaidah Town Market,2026-03-15,kg,Retail
846,36,8,Jhenaidah Boro Bazar,2026-03-15,500g pack,Retail
847,36,6,Jhenaidah Central Market,2026-03-15,litre,Wholesale
848,36,2,Jhenaidah Boro Bazar,2026-03-15,kg,Retail
849,36,6,Jhenaidah Boro Bazar,2026-05-15,litre,Retail
850,36,5,Jhenaidah New Market,2026-05-15,kg,Wholesale
851,36,4,Jhenaidah Town Market,2026-05-15,kg,Retail
852,36,8,Jhenaidah Boro Bazar,2026-05-15,500g pack,Wholesale
853,36,6,Jhenaidah Central Market,2026-07-15,litre,Retail
854,36,1,Jhenaidah New Market,2026-07-15,kg,Retail
855,36,7,Jhenaidah Boro Bazar,2026-07-15,kg,Wholesale
856,36,4,Jhenaidah New Market,2026-07-15,kg,Wholesale
857,36,6,Jhenaidah Central Market,2026-09-15,litre,Retail
858,36,4,Jhenaidah Boro Bazar,2026-09-15,kg,Wholesale
859,36,7,Jhenaidah New Market,2026-09-15,kg,Wholesale
860,36,2,Jhenaidah New Market,2026-09-15,kg,Wholesale
861,36,7,Jhenaidah New Market,2026-11-15,kg,Retail
862,36,6,Jhenaidah Boro Bazar,2026-11-15,litre,Retail
863,36,3,Jhenaidah Central Market,2026-11-15,kg,Wholesale
864,36,4,Jhenaidah Central Market,2026-11-15,kg,Wholesale
865,37,6,Khulna Town Market,2026-01-15,litre,Retail
866,37,7,Khulna Town Market,2026-01-15,kg,Wholesale
867,37,8,Khulna New Market,2026-01-15,500g pack,Wholesale
868,37,4,Khulna New Market,2026-01-15,kg,Retail
869,37,3,Khulna Boro Bazar,2026-03-15,kg,Retail
870,37,8,Khulna Town Market,2026-03-15,500g pack,Wholesale
871,37,1,Khulna Town Market,2026-03-15,kg,Retail
872,37,6,Khulna Town Market,2026-03-15,litre,Retail
873,37,5,Khulna Boro Bazar,2026-05-15,kg,Retail
874,37,3,Khulna Central Market,2026-05-15,kg,Wholesale
875,37,1,Khulna Boro Bazar,2026-05-15,kg,Retail
876,37,7,Khulna Town Market,2026-05-15,kg,Wholesale
877,37,5,Khulna Boro Bazar,2026-07-15,kg,Wholesale
878,37,4,Khulna Boro Bazar,2026-07-15,kg,Retail
879,37,2,Khulna New Market,2026-07-15,kg,Retail
880,37,1,Khulna Town Market,2026-07-15,,Wholesale
881,37,4,Khulna Boro Bazar,2026-09-15,kg,Wholesale
882,37,8,Khulna Boro Bazar,2026-09-15,500g pack,Wholesale
883,37,6,Khulna New Market,2026-09-15,litre,Wholesale
884,37,2,Khulna Central Market,2026-09-15,kg,Wholesale
885,37,7,Khulna Boro Bazar,2026-11-15,kg,Wholesale
886,37,3,Khulna New Market,2026-11-15,kg,Retail
887,37,1,Khulna Boro Bazar,2026-11-15,kg,Wholesale
888,37,4,Khulna Boro Bazar,2026-11-15,kg,Retail
889,38,1,Kushtia Central Market,2026-01-15,kg,Retail
890,38,5,Kushtia Town Market,2026-01-15,kg,Retail
891,38,3,Kushtia New Market,2026-01-15,kg,Wholesale
892,38,4,Kushtia Boro Bazar,2026-01-15,kg,Retail
893,38,7,Kushtia New Market,2026-03-15,kg,Retail
894,38,3,Kushtia Boro Bazar,2026-03-15,kg,Retail
895,38,8,Kushtia Boro Bazar,2026-03-15,500g pack,Retail
896,38,2,Kushtia Town Market,2026-03-15,kg,Wholesale
897,38,4,Kushtia Central Market,2026-05-15,kg,Wholesale
898,38,3,Kushtia New Market,2026-05-15,kg,Wholesale
899,38,1,Kushtia Boro Bazar,2026-05-15,kg,Retail
900,38,8,Kushtia Boro Bazar,2026-05-15,500g pack,Wholesale
901,38,4,Kushtia Town Market,2026-07-15,kg,Wholesale
902,38,5,Kushtia New Market,2026-07-15,kg,Retail
903,38,1,Kushtia Town Market,2026-07-15,kg,Retail
904,38,6,Kushtia Central Market,2026-07-15,litre,Wholesale
905,38,2,Kushtia Central Market,2026-09-15,kg,Wholesale
906,38,8,Kushtia New Market,2026-09-15,500g pack,Retail
907,38,7,Kushtia Boro Bazar,2026-09-15,kg,Wholesale
908,38,5,Kushtia Central Market,2026-09-15,kg,Retail
909,38,2,Kushtia Boro Bazar,2026-11-15,kg,Wholesale
910,38,3,Kushtia New Market,2026-11-15,kg,Retail
911,38,7,Kushtia Boro Bazar,2026-11-15,kg,Wholesale
912,38,8,Kushtia Boro Bazar,2026-11-15,500g pack,Retail
913,39,8,Magura Central Market,2026-01-15,500g pack,Retail
914,39,2,Magura Central Market,2026-01-15,kg,Retail
915,39,1,Magura Boro Bazar,2026-01-15,kg,Retail
916,39,4,Magura Town Market,2026-01-15,kg,Wholesale
917,39,1,Magura New Market,2026-03-15,kg,Retail
918,39,4,Magura Town Market,2026-03-15,kg,Wholesale
919,39,3,Magura Central Market,2026-03-15,kg,Wholesale
920,39,6,Magura Central Market,2026-03-15,litre,Wholesale
921,39,4,Magura Central Market,2026-05-15,kg,Wholesale
922,39,7,Magura Town Market,2026-05-15,kg,Retail
923,39,3,Magura Central Market,2026-05-15,kg,Wholesale
924,39,2,Magura Boro Bazar,2026-05-15,kg,Wholesale
925,39,8,Magura Boro Bazar,2026-07-15,500g pack,Retail
926,39,5,Magura New Market,2026-07-15,kg,Wholesale
927,39,3,Magura Central Market,2026-07-15,kg,Wholesale
928,39,2,Magura Central Market,2026-07-15,kg,Wholesale
929,39,7,Magura New Market,2026-09-15,kg,Retail
930,39,3,Magura Town Market,2026-09-15,kg,Wholesale
931,39,5,Magura New Market,2026-09-15,kg,Retail
932,39,2,Magura New Market,2026-09-15,kg,Wholesale
933,39,5,Magura Central Market,2026-11-15,kg,Retail
934,39,2,Magura Central Market,2026-11-15,kg,Wholesale
935,39,7,Magura Boro Bazar,2026-11-15,kg,Wholesale
936,39,1,Magura Central Market,2026-11-15,kg,Retail
937,40,8,Meherpur Central Market,2026-01-15,500g pack,Retail
938,40,1,Meherpur Central Market,2026-01-15,kg,Retail
939,40,4,Meherpur Boro Bazar,2026-01-15,kg,Wholesale
940,40,7,Meherpur Central Market,2026-01-15,kg,Wholesale
941,40,2,Meherpur New Market,2026-03-15,kg,Wholesale
942,40,7,Meherpur Central Market,2026-03-15,kg,Retail
943,40,4,Meherpur Central Market,2026-03-15,kg,Wholesale
944,40,1,Meherpur Central Market,2026-03-15,kg,Wholesale
945,40,5,Meherpur Boro Bazar,2026-05-15,kg,Wholesale
946,40,3,Meherpur Town Market,2026-05-15,kg,Wholesale
947,40,4,Meherpur New Market,2026-05-15,kg,Retail
948,40,1,Meherpur Boro Bazar,2026-05-15,kg,Retail
949,40,8,Meherpur Central Market,2026-07-15,500g pack,Retail
950,40,5,Meherpur New Market,2026-07-15,kg,Wholesale
951,40,4,Meherpur New Market,2026-07-15,kg,Retail
952,40,1,Meherpur New Market,2026-07-15,kg,Wholesale
953,40,4,Meherpur Central Market,2026-09-15,kg,Wholesale
954,40,7,Meherpur Central Market,2026-09-15,kg,Wholesale
955,40,3,Meherpur Town Market,2026-09-15,kg,Retail
956,40,2,Meherpur Central Market,2026-09-15,kg,Wholesale
957,40,3,Meherpur Central Market,2026-11-15,kg,Wholesale
958,40,4,Meherpur Town Market,2026-11-15,kg,Retail
959,40,2,Meherpur Town Market,2026-11-15,kg,Wholesale
960,40,5,Meherpur Town Market,2026-11-15,kg,Wholesale
961,41,7,Narail Town Market,2026-01-15,kg,Retail
962,41,3,Narail Town Market,2026-01-15,kg,Wholesale
963,41,5,Narail New Market,2026-01-15,kg,Retail
964,41,2,Narail Boro Bazar,2026-01-15,kg,Wholesale
965,41,7,Narail Central Market,2026-03-15,kg,Retail
966,41,6,Narail New Market,2026-03-15,litre,Wholesale
967,41,4,Narail New Market,2026-03-15,kg,Retail
968,41,8,Narail Boro Bazar,2026-03-15,500g pack,Retail
969,41,2,Narail Boro Bazar,2026-05-15,kg,Wholesale
970,41,6,Narail Central Market,2026-05-15,litre,Wholesale
971,41,3,Narail Town Market,2026-05-15,kg,Wholesale
972,41,8,Narail Town Market,2026-05-15,500g pack,Retail
973,41,4,Narail Town Market,2026-07-15,kg,Wholesale
974,41,1,Narail Boro Bazar,2026-07-15,kg,Retail
975,41,5,Narail Boro Bazar,2026-07-15,kg,Wholesale
976,41,2,Narail Boro Bazar,2026-07-15,kg,Retail
977,41,7,Narail New Market,2026-09-15,kg,Retail
978,41,2,Narail New Market,2026-09-15,kg,Wholesale
979,41,8,Narail New Market,2026-09-15,500g pack,Wholesale
980,41,4,Narail Boro Bazar,2026-09-15,kg,Retail
981,41,7,Narail Town Market,2026-11-15,kg,Retail
982,41,4,Narail New Market,2026-11-15,kg,Retail
983,41,2,Narail Boro Bazar,2026-11-15,kg,Retail
984,41,3,Narail Central Market,2026-11-15,kg,Retail
985,42,2,Satkhira Boro Bazar,2026-01-15,kg,Wholesale
986,42,4,Satkhira New Market,2026-01-15,kg,Retail
987,42,8,Satkhira New Market,2026-01-15,500g pack,Retail
988,42,5,Satkhira Town Market,2026-01-15,kg,Retail
989,42,8,Satkhira New Market,2026-03-15,500g pack,Wholesale
990,42,4,Satkhira Boro Bazar,2026-03-15,kg,Retail
991,42,5,Satkhira New Market,2026-03-15,kg,Wholesale
992,42,2,Satkhira Town Market,2026-03-15,kg,Wholesale
993,42,3,Satkhira New Market,2026-05-15,kg,Retail
994,42,5,Satkhira Town Market,2026-05-15,kg,Retail
995,42,8,Satkhira Town Market,2026-05-15,500g pack,Retail
996,42,1,Satkhira Central Market,2026-05-15,kg,Retail
997,42,1,Satkhira Boro Bazar,2026-07-15,kg,Wholesale
998,42,2,Satkhira New Market,2026-07-15,kg,Retail
999,42,4,Satkhira Boro Bazar,2026-07-15,kg,Wholesale
1000,42,5,Satkhira Town Market,2026-07-15,kg,Retail
1001,42,5,Satkhira Central Market,2026-09-15,kg,Wholesale
1002,42,2,Satkhira Boro Bazar,2026-09-15,kg,Wholesale
1003,42,8,Satkhira Boro Bazar,2026-09-15,500g pack,Retail
1004,42,3,Satkhira Central Market,2026-09-15,kg,Wholesale
1005,42,6,Satkhira Central Market,2026-11-15,litre,Wholesale
1006,42,5,Satkhira Boro Bazar,2026-11-15,kg,Retail
1007,42,8,Satkhira Town Market,2026-11-15,500g pack,Wholesale
1008,42,7,Satkhira Central Market,2026-11-15,kg,Wholesale
1009,43,6,Barguna Central Market,2026-01-15,litre,Retail
1010,43,3,Barguna New Market,2026-01-15,kg,Wholesale
1011,43,2,Barguna New Market,2026-01-15,kg,Retail
1012,43,7,Barguna Central Market,2026-01-15,kg,Retail
1013,43,4,Barguna Central Market,2026-03-15,kg,Retail
1014,43,3,Barguna Town Market,2026-03-15,kg,Wholesale
1015,43,8,Barguna New Market,2026-03-15,500g pack,Retail
1016,43,7,Barguna Central Market,2026-03-15,kg,Retail
1017,43,5,Barguna Central Market,2026-05-15,kg,Wholesale
1018,43,2,Barguna Central Market,2026-05-15,kg,Retail
1019,43,1,Barguna Town Market,2026-05-15,kg,Retail
1020,43,6,Barguna Town Market,2026-05-15,litre,Retail
1021,43,4,Barguna Town Market,2026-07-15,kg,Wholesale
1022,43,5,Barguna Town Market,2026-07-15,kg,Retail
1023,43,1,Barguna Boro Bazar,2026-07-15,kg,Wholesale
1024,43,3,Barguna Central Market,2026-07-15,kg,Retail
1025,43,4,Barguna New Market,2026-09-15,kg,Wholesale
1026,43,7,Barguna New Market,2026-09-15,kg,Wholesale
1027,43,6,Barguna Central Market,2026-09-15,litre,Retail
1028,43,3,Barguna New Market,2026-09-15,kg,Wholesale
1029,43,3,Barguna New Market,2026-11-15,kg,Wholesale
1030,43,7,Barguna Central Market,2026-11-15,kg,Wholesale
1031,43,8,Barguna Town Market,2026-11-15,500g pack,Retail
1032,43,4,Barguna Central Market,2026-11-15,kg,Retail
1033,44,1,Barishal Town Market,2026-01-15,kg,Wholesale
1034,44,8,Barishal Town Market,2026-01-15,500g pack,Retail
1035,44,3,Barishal Boro Bazar,2026-01-15,kg,Wholesale
1036,44,7,Barishal New Market,2026-01-15,kg,Wholesale
1037,44,7,Barishal New Market,2026-03-15,kg,Retail
1038,44,4,Barishal Central Market,2026-03-15,kg,Wholesale
1039,44,6,Barishal New Market,2026-03-15,litre,Wholesale
1040,44,5,Barishal Central Market,2026-03-15,kg,Retail
1041,44,8,Barishal Town Market,2026-05-15,500g pack,Retail
1042,44,4,Barishal Town Market,2026-05-15,kg,Retail
1043,44,2,Barishal Town Market,2026-05-15,kg,Wholesale
1044,44,5,Barishal Town Market,2026-05-15,kg,Wholesale
1045,44,7,Barishal Town Market,2026-07-15,kg,Wholesale
1046,44,6,Barishal Boro Bazar,2026-07-15,litre,Retail
1047,44,1,Barishal Town Market,2026-07-15,kg,Wholesale
1048,44,4,Barishal Boro Bazar,2026-07-15,kg,Wholesale
1049,44,1,Barishal Central Market,2026-09-15,kg,Wholesale
1050,44,6,Barishal Town Market,2026-09-15,litre,Wholesale
1051,44,2,Barishal New Market,2026-09-15,kg,Wholesale
1052,44,4,Barishal Boro Bazar,2026-09-15,kg,Retail
1053,44,5,Barishal Central Market,2026-11-15,kg,Retail
1054,44,3,Barishal Town Market,2026-11-15,kg,Wholesale
1055,44,8,Barishal Boro Bazar,2026-11-15,500g pack,Retail
1056,44,6,Barishal Central Market,2026-11-15,litre,Wholesale
1057,45,6,Bhola Boro Bazar,2026-01-15,litre,Retail
1058,45,2,Bhola New Market,2026-01-15,kg,Retail
1059,45,8,Bhola Boro Bazar,2026-01-15,500g pack,Retail
1060,45,7,Bhola Town Market,2026-01-15,kg,Retail
1061,45,3,Bhola Central Market,2026-03-15,kg,Wholesale
1062,45,6,Bhola Boro Bazar,2026-03-15,litre,Retail
1063,45,1,Bhola Boro Bazar,2026-03-15,kg,Retail
1064,45,2,Bhola Boro Bazar,2026-03-15,kg,Wholesale
1065,45,3,Bhola New Market,2026-05-15,kg,Retail
1066,45,1,Bhola Central Market,2026-05-15,kg,Wholesale
1067,45,4,Bhola Town Market,2026-05-15,kg,Retail
1068,45,7,Bhola Boro Bazar,2026-05-15,kg,Retail
1069,45,5,Bhola Town Market,2026-07-15,kg,Retail
1070,45,8,Bhola New Market,2026-07-15,500g pack,Wholesale
1071,45,4,Bhola New Market,2026-07-15,,Wholesale
1072,45,2,Bhola Town Market,2026-07-15,kg,Wholesale
1073,45,6,Bhola Town Market,2026-09-15,litre,Retail
1074,45,1,Bhola Boro Bazar,2026-09-15,kg,Retail
1075,45,3,Bhola New Market,2026-09-15,kg,Wholesale
1076,45,5,Bhola Central Market,2026-09-15,kg,Retail
1077,45,3,Bhola New Market,2026-11-15,kg,Wholesale
1078,45,7,Bhola Boro Bazar,2026-11-15,kg,Retail
1079,45,4,Bhola Boro Bazar,2026-11-15,kg,Retail
1080,45,8,Bhola Boro Bazar,2026-11-15,500g pack,Retail
1081,46,3,Jhalokati Town Market,2026-01-15,kg,Retail
1082,46,6,Jhalokati New Market,2026-01-15,litre,Retail
1083,46,5,Jhalokati New Market,2026-01-15,kg,Retail
1084,46,4,Jhalokati New Market,2026-01-15,kg,Wholesale
1085,46,8,Jhalokati New Market,2026-03-15,500g pack,Retail
1086,46,3,Jhalokati Central Market,2026-03-15,kg,Wholesale
1087,46,1,Jhalokati Boro Bazar,2026-03-15,,Wholesale
1088,46,4,Jhalokati Boro Bazar,2026-03-15,kg,Retail
1089,46,8,,2026-05-15,500g pack,Wholesale
1090,46,3,Jhalokati Boro Bazar,2026-05-15,kg,Wholesale
1091,46,7,Jhalokati Boro Bazar,2026-05-15,kg,Retail
1092,46,6,Jhalokati Central Market,2026-05-15,litre,Wholesale
1093,46,2,Jhalokati New Market,2026-07-15,kg,Wholesale
1094,46,4,Jhalokati Boro Bazar,2026-07-15,kg,Retail
1095,46,3,Jhalokati Central Market,2026-07-15,kg,Retail
1096,46,6,Jhalokati Town Market,2026-07-15,litre,Retail
1097,46,4,Jhalokati Boro Bazar,2026-09-15,kg,Wholesale
1098,46,6,Jhalokati Central Market,2026-09-15,litre,Retail
1099,46,1,Jhalokati Town Market,2026-09-15,kg,Retail
1100,46,8,Jhalokati Town Market,2026-09-15,500g pack,Retail
1101,46,7,Jhalokati New Market,2026-11-15,kg,Retail
1102,46,8,Jhalokati Boro Bazar,2026-11-15,500g pack,Wholesale
1103,46,6,Jhalokati Boro Bazar,2026-11-15,litre,Retail
1104,46,4,Jhalokati New Market,2026-11-15,kg,Retail
1105,47,8,Patuakhali Boro Bazar,2026-01-15,500g pack,Retail
1106,47,1,Patuakhali Town Market,2026-01-15,kg,Retail
1107,47,7,Patuakhali Central Market,2026-01-15,kg,Wholesale
1108,47,5,Patuakhali Town Market,2026-01-15,kg,Wholesale
1109,47,3,Patuakhali New Market,2026-03-15,kg,Retail
1110,47,6,Patuakhali New Market,2026-03-15,litre,Retail
1111,47,8,Patuakhali Town Market,2026-03-15,500g pack,Retail
1112,47,2,Patuakhali Central Market,2026-03-15,kg,Retail
1113,47,8,Patuakhali Boro Bazar,2026-05-15,500g pack,Retail
1114,47,3,Patuakhali Town Market,2026-05-15,kg,Retail
1115,47,6,Patuakhali Boro Bazar,2026-05-15,litre,Wholesale
1116,47,7,Patuakhali Town Market,2026-05-15,kg,Retail
1117,47,6,Patuakhali New Market,2026-07-15,litre,Retail
1118,47,1,Patuakhali Town Market,2026-07-15,kg,Retail
1119,47,5,Patuakhali Boro Bazar,2026-07-15,kg,Retail
1120,47,8,Patuakhali Town Market,2026-07-15,500g pack,Retail
1121,47,3,Patuakhali Central Market,2026-09-15,kg,Retail
1122,47,7,Patuakhali Town Market,2026-09-15,kg,Retail
1123,47,5,Patuakhali Town Market,2026-09-15,kg,Retail
1124,47,6,Patuakhali Central Market,2026-09-15,litre,Wholesale
1125,47,1,Patuakhali Central Market,2026-11-15,kg,Retail
1126,47,2,Patuakhali Town Market,2026-11-15,kg,Wholesale
1127,47,7,Patuakhali New Market,2026-11-15,kg,Wholesale
1128,47,3,Patuakhali Central Market,2026-11-15,kg,Retail
1129,48,5,Pirojpur Town Market,2026-01-15,kg,Retail
1130,48,6,Pirojpur Central Market,2026-01-15,litre,Wholesale
1131,48,4,Pirojpur Boro Bazar,2026-01-15,kg,Wholesale
1132,48,3,Pirojpur Boro Bazar,2026-01-15,kg,Wholesale
1133,48,4,Pirojpur Town Market,2026-03-15,kg,Wholesale
1134,48,8,Pirojpur Town Market,2026-03-15,500g pack,Retail
1135,48,6,Pirojpur Town Market,2026-03-15,litre,Retail
1136,48,1,Pirojpur New Market,2026-03-15,kg,Retail
1137,48,2,Pirojpur New Market,2026-05-15,kg,Retail
1138,48,5,Pirojpur Boro Bazar,2026-05-15,kg,Retail
1139,48,1,Pirojpur New Market,2026-05-15,kg,Retail
1140,48,7,Pirojpur New Market,2026-05-15,kg,Wholesale
1141,48,6,Pirojpur Boro Bazar,2026-07-15,litre,Retail
1142,48,7,Pirojpur Boro Bazar,2026-07-15,kg,Wholesale
1143,48,8,Pirojpur Central Market,2026-07-15,500g pack,Wholesale
1144,48,1,Pirojpur Central Market,2026-07-15,kg,Wholesale
1145,48,3,Pirojpur Boro Bazar,2026-09-15,kg,Wholesale
1146,48,5,Pirojpur Town Market,2026-09-15,kg,Wholesale
1147,48,1,Pirojpur New Market,2026-09-15,kg,Retail
1148,48,4,Pirojpur Central Market,2026-09-15,kg,Wholesale
1149,48,3,Pirojpur Central Market,2026-11-15,kg,Wholesale
1150,48,6,Pirojpur New Market,2026-11-15,litre,Wholesale
1151,48,7,Pirojpur Central Market,2026-11-15,kg,Retail
1152,48,2,Pirojpur New Market,2026-11-15,kg,Retail
1153,49,6,Habiganj New Market,2026-01-15,litre,Wholesale
1154,49,4,Habiganj New Market,2026-01-15,kg,Wholesale
1155,49,7,Habiganj Central Market,2026-01-15,kg,Retail
1156,49,1,Habiganj Town Market,2026-01-15,kg,Retail
1157,49,4,Habiganj Town Market,2026-03-15,kg,Wholesale
1158,49,7,Habiganj Central Market,2026-03-15,kg,Retail
1159,49,2,Habiganj Boro Bazar,2026-03-15,kg,Retail
1160,49,6,Habiganj Town Market,2026-03-15,litre,Wholesale
1161,49,4,Habiganj Boro Bazar,2026-05-15,kg,Wholesale
1162,49,5,Habiganj Boro Bazar,2026-05-15,kg,Wholesale
1163,49,2,Habiganj Town Market,2026-05-15,kg,Wholesale
1164,49,7,Habiganj Central Market,2026-05-15,kg,Wholesale
1165,49,8,Habiganj Boro Bazar,2026-07-15,500g pack,Wholesale
1166,49,2,Habiganj Town Market,2026-07-15,kg,Wholesale
1167,49,7,Habiganj Boro Bazar,2026-07-15,kg,Wholesale
1168,49,1,Habiganj Town Market,2026-07-15,kg,Retail
1169,49,2,Habiganj Town Market,2026-09-15,kg,Retail
1170,49,3,Habiganj Town Market,2026-09-15,kg,Retail
1171,49,5,Habiganj Town Market,2026-09-15,kg,Wholesale
1172,49,8,Habiganj Central Market,2026-09-15,500g pack,Retail
1173,49,3,Habiganj Central Market,2026-11-15,kg,Retail
1174,49,2,Habiganj Town Market,2026-11-15,kg,Retail
1175,49,8,Habiganj Central Market,2026-11-15,500g pack,Retail
1176,49,7,Habiganj Boro Bazar,2026-11-15,kg,Retail
1177,50,2,Moulvibazar Town Market,2026-01-15,kg,Wholesale
1178,50,6,Moulvibazar Central Market,2026-01-15,litre,Retail
1179,50,1,Moulvibazar Central Market,2026-01-15,kg,Wholesale
1180,50,3,Moulvibazar Boro Bazar,2026-01-15,kg,Wholesale
1181,50,8,Moulvibazar New Market,2026-03-15,500g pack,Retail
1182,50,1,Moulvibazar Town Market,2026-03-15,kg,Wholesale
1183,50,7,Moulvibazar Boro Bazar,2026-03-15,kg,Retail
1184,50,4,Moulvibazar Boro Bazar,2026-03-15,kg,Wholesale
1185,50,5,Moulvibazar Central Market,2026-05-15,kg,Wholesale
1186,50,6,Moulvibazar New Market,2026-05-15,litre,Retail
1187,50,2,Moulvibazar Central Market,2026-05-15,kg,Retail
1188,50,7,Moulvibazar Boro Bazar,2026-05-15,kg,Wholesale
1189,50,4,Moulvibazar Central Market,2026-07-15,kg,Retail
1190,50,2,Moulvibazar New Market,2026-07-15,kg,Retail
1191,50,5,Moulvibazar Town Market,2026-07-15,kg,Retail
1192,50,6,Moulvibazar Boro Bazar,2026-07-15,litre,Wholesale
1193,50,5,Moulvibazar Boro Bazar,2026-09-15,kg,Retail
1194,50,3,Moulvibazar Central Market,2026-09-15,kg,Wholesale
1195,50,1,Moulvibazar Boro Bazar,2026-09-15,kg,Wholesale
1196,50,4,Moulvibazar Boro Bazar,2026-09-15,kg,Wholesale
1197,50,8,Moulvibazar Central Market,2026-11-15,500g pack,Wholesale
1198,50,3,Moulvibazar Boro Bazar,2026-11-15,kg,Retail
1199,50,7,Moulvibazar New Market,2026-11-15,kg,Retail
1200,50,2,Moulvibazar Central Market,2026-11-15,kg,Retail
1201,51,6,Sunamganj New Market,2026-01-15,,Wholesale
1202,51,4,Sunamganj Central Market,2026-01-15,kg,Wholesale
1203,51,3,Sunamganj Boro Bazar,2026-01-15,kg,Wholesale
1204,51,8,Sunamganj Boro Bazar,2026-01-15,500g pack,Wholesale
1205,51,4,Sunamganj Boro Bazar,2026-03-15,kg,Retail
1206,51,1,Sunamganj New Market,2026-03-15,kg,Wholesale
1207,51,8,Sunamganj Boro Bazar,2026-03-15,500g pack,Retail
1208,51,5,Sunamganj Boro Bazar,2026-03-15,kg,Wholesale
1209,51,2,Sunamganj Town Market,2026-05-15,kg,Wholesale
1210,51,3,Sunamganj New Market,2026-05-15,kg,Retail
1211,51,7,Sunamganj Central Market,2026-05-15,kg,Retail
1212,51,6,Sunamganj New Market,2026-05-15,litre,Retail
1213,51,6,Sunamganj Boro Bazar,2026-07-15,litre,Retail
1214,51,4,Sunamganj New Market,2026-07-15,kg,Retail
1215,51,7,Sunamganj New Market,2026-07-15,kg,Retail
1216,51,5,Sunamganj Boro Bazar,2026-07-15,kg,Retail
1217,51,8,Sunamganj Central Market,2026-09-15,500g pack,Retail
1218,51,1,Sunamganj New Market,2026-09-15,kg,Retail
1219,51,6,Sunamganj New Market,2026-09-15,litre,Wholesale
1220,51,4,Sunamganj Central Market,2026-09-15,kg,Wholesale
1221,51,8,Sunamganj Boro Bazar,2026-11-15,500g pack,Retail
1222,51,2,Sunamganj New Market,2026-11-15,kg,Retail
1223,51,7,Sunamganj Boro Bazar,2026-11-15,kg,Wholesale
1224,51,4,Sunamganj New Market,2026-11-15,kg,Wholesale
1225,52,4,Sylhet Boro Bazar,2026-01-15,kg,
1226,52,2,Sylhet Boro Bazar,2026-01-15,kg,Wholesale
1227,52,6,Sylhet Boro Bazar,2026-01-15,litre,Retail
1228,52,1,Sylhet Boro Bazar,2026-01-15,kg,Wholesale
1229,52,1,Sylhet Town Market,2026-03-15,kg,Wholesale
1230,52,3,Sylhet Town Market,2026-03-15,kg,Wholesale
1231,52,6,Sylhet Boro Bazar,2026-03-15,litre,Wholesale
1232,52,2,Sylhet New Market,2026-03-15,kg,Wholesale
1233,52,8,Sylhet Town Market,2026-05-15,500g pack,Retail
1234,52,1,Sylhet Town Market,2026-05-15,kg,Wholesale
1235,52,2,Sylhet New Market,2026-05-15,kg,Retail
1236,52,6,Sylhet New Market,2026-05-15,litre,Retail
1237,52,5,Sylhet New Market,2026-07-15,kg,Wholesale
1238,52,3,Sylhet Boro Bazar,2026-07-15,kg,Retail
1239,52,6,Sylhet Central Market,2026-07-15,,Retail
1240,52,7,Sylhet Town Market,2026-07-15,kg,Retail
1241,52,1,Sylhet Boro Bazar,2026-09-15,kg,Retail
1242,52,8,Sylhet Town Market,2026-09-15,500g pack,Retail
1243,52,3,Sylhet New Market,2026-09-15,kg,Wholesale
1244,52,4,Sylhet Central Market,2026-09-15,kg,Wholesale
1245,52,8,Sylhet New Market,2026-11-15,500g pack,Retail
1246,52,7,Sylhet Central Market,2026-11-15,kg,Retail
1247,52,4,Sylhet Boro Bazar,2026-11-15,kg,Retail
1248,52,6,Sylhet Central Market,2026-11-15,litre,Wholesale
1249,53,6,Dinajpur Central Market,2026-01-15,litre,Retail
1250,53,8,Dinajpur Boro Bazar,2026-01-15,500g pack,Wholesale
1251,53,3,Dinajpur Central Market,2026-01-15,kg,Retail
1252,53,2,Dinajpur Boro Bazar,2026-01-15,kg,Wholesale
1253,53,4,Dinajpur Town Market,2026-03-15,kg,Retail
1254,53,3,Dinajpur Town Market,2026-03-15,kg,Wholesale
1255,53,8,Dinajpur Town Market,2026-03-15,500g pack,Retail
1256,53,6,Dinajpur Town Market,2026-03-15,litre,Wholesale
1257,53,2,Dinajpur Boro Bazar,2026-05-15,kg,Retail
1258,53,5,Dinajpur Town Market,2026-05-15,kg,Retail
1259,53,4,Dinajpur Central Market,2026-05-15,kg,Wholesale
1260,53,3,Dinajpur Boro Bazar,2026-05-15,kg,Wholesale
1261,53,6,Dinajpur Town Market,2026-07-15,litre,Wholesale
1262,53,3,Dinajpur Central Market,2026-07-15,kg,Wholesale
1263,53,5,Dinajpur Town Market,2026-07-15,kg,Wholesale
1264,53,2,Dinajpur Town Market,2026-07-15,kg,Retail
1265,53,7,Dinajpur New Market,2026-09-15,kg,Wholesale
1266,53,3,Dinajpur New Market,2026-09-15,kg,Wholesale
1267,53,4,Dinajpur Central Market,2026-09-15,kg,Retail
1268,53,6,Dinajpur Town Market,2026-09-15,litre,Retail
1269,53,8,Dinajpur Boro Bazar,2026-11-15,500g pack,Wholesale
1270,53,5,Dinajpur Boro Bazar,2026-11-15,kg,Retail
1271,53,7,Dinajpur New Market,2026-11-15,kg,Wholesale
1272,53,3,Dinajpur Town Market,2026-11-15,kg,Wholesale
1273,54,6,Gaibandha Boro Bazar,2026-01-15,litre,Retail
1274,54,5,Gaibandha Boro Bazar,2026-01-15,kg,Retail
1275,54,1,Gaibandha Boro Bazar,2026-01-15,kg,Wholesale
1276,54,4,Gaibandha Central Market,2026-01-15,kg,Retail
1277,54,8,Gaibandha New Market,2026-03-15,500g pack,Retail
1278,54,1,Gaibandha New Market,2026-03-15,kg,Wholesale
1279,54,5,Gaibandha Central Market,2026-03-15,kg,Retail
1280,54,3,Gaibandha Boro Bazar,2026-03-15,kg,Retail
1281,54,7,Gaibandha Boro Bazar,2026-05-15,kg,Wholesale
1282,54,2,Gaibandha Town Market,2026-05-15,kg,Retail
1283,54,5,Gaibandha Town Market,2026-05-15,kg,Wholesale
1284,54,3,Gaibandha Central Market,2026-05-15,kg,Retail
1285,54,1,Gaibandha New Market,2026-07-15,kg,Wholesale
1286,54,5,Gaibandha New Market,2026-07-15,kg,Retail
1287,54,7,Gaibandha Boro Bazar,2026-07-15,kg,Wholesale
1288,54,3,Gaibandha Town Market,2026-07-15,kg,Retail
1289,54,3,Gaibandha New Market,2026-09-15,kg,Wholesale
1290,54,7,Gaibandha New Market,2026-09-15,kg,Wholesale
1291,54,6,Gaibandha Central Market,2026-09-15,litre,Wholesale
1292,54,5,Gaibandha Boro Bazar,2026-09-15,kg,Wholesale
1293,54,5,Gaibandha Boro Bazar,2026-11-15,kg,Retail
1294,54,6,Gaibandha Boro Bazar,2026-11-15,litre,Wholesale
1295,54,1,Gaibandha New Market,2026-11-15,kg,Retail
1296,54,7,Gaibandha New Market,2026-11-15,kg,Retail
1297,55,3,Kurigram Town Market,2026-01-15,kg,Retail
1298,55,1,Kurigram Boro Bazar,2026-01-15,kg,Wholesale
1299,55,7,Kurigram New Market,2026-01-15,kg,Retail
1300,55,8,Kurigram New Market,2026-01-15,500g pack,Retail
1301,55,2,Kurigram Boro Bazar,2026-03-15,kg,Wholesale
1302,55,5,Kurigram Central Market,2026-03-15,kg,Wholesale
1303,55,8,Kurigram Town Market,2026-03-15,500g pack,Wholesale
1304,55,1,Kurigram Town Market,2026-03-15,kg,Retail
1305,55,3,Kurigram Central Market,2026-05-15,kg,Retail
1306,55,2,Kurigram Boro Bazar,2026-05-15,kg,Wholesale
1307,55,4,Kurigram Boro Bazar,2026-05-15,kg,Retail
1308,55,7,Kurigram Town Market,2026-05-15,kg,Wholesale
1309,55,2,Kurigram Town Market,2026-07-15,kg,Retail
1310,55,7,Kurigram Town Market,2026-07-15,kg,Retail
1311,55,1,Kurigram Central Market,2026-07-15,kg,Retail
1312,55,3,Kurigram Central Market,2026-07-15,kg,Retail
1313,55,7,Kurigram New Market,2026-09-15,kg,Retail
1314,55,4,Kurigram Central Market,2026-09-15,kg,Retail
1315,55,1,Kurigram New Market,2026-09-15,kg,Retail
1316,55,2,Kurigram Boro Bazar,2026-09-15,kg,Wholesale
1317,55,4,Kurigram Central Market,2026-11-15,kg,Retail
1318,55,6,Kurigram New Market,2026-11-15,litre,Wholesale
1319,55,1,Kurigram New Market,2026-11-15,kg,Wholesale
1320,55,7,Kurigram Central Market,2026-11-15,kg,Wholesale
1321,56,4,Lalmonirhat Central Market,2026-01-15,kg,Retail
1322,56,2,Lalmonirhat Boro Bazar,2026-01-15,kg,Retail
1323,56,7,Lalmonirhat Central Market,2026-01-15,kg,Retail
1324,56,8,Lalmonirhat Central Market,2026-01-15,500g pack,Wholesale
1325,56,8,Lalmonirhat Central Market,2026-03-15,500g pack,Wholesale
1326,56,7,Lalmonirhat Boro Bazar,2026-03-15,kg,Retail
1327,56,2,Lalmonirhat Town Market,2026-03-15,kg,Retail
1328,56,3,Lalmonirhat Town Market,2026-03-15,kg,Wholesale
1329,56,6,Lalmonirhat New Market,2026-05-15,litre,Retail
1330,56,4,Lalmonirhat Town Market,2026-05-15,kg,Wholesale
1331,56,1,Lalmonirhat Boro Bazar,2026-05-15,kg,Retail
1332,56,5,Lalmonirhat Town Market,2026-05-15,kg,Retail
1333,56,6,Lalmonirhat Central Market,2026-07-15,litre,Wholesale
1334,56,5,Lalmonirhat Boro Bazar,2026-07-15,kg,Wholesale
1335,56,4,Lalmonirhat Boro Bazar,2026-07-15,kg,Wholesale
1336,56,8,Lalmonirhat Central Market,2026-07-15,500g pack,Wholesale
1337,56,1,Lalmonirhat Central Market,2026-09-15,kg,Retail
1338,56,4,Lalmonirhat Central Market,2026-09-15,kg,Wholesale
1339,56,7,Lalmonirhat Central Market,2026-09-15,kg,Retail
1340,56,5,Lalmonirhat Town Market,2026-09-15,kg,Retail
1341,56,6,Lalmonirhat Central Market,2026-11-15,litre,Wholesale
1342,56,8,Lalmonirhat Boro Bazar,2026-11-15,500g pack,Wholesale
1343,56,4,Lalmonirhat Boro Bazar,2026-11-15,kg,Wholesale
1344,56,2,Lalmonirhat Boro Bazar,2026-11-15,kg,Wholesale
1345,57,7,Nilphamari Town Market,2026-01-15,kg,Wholesale
1346,57,1,Nilphamari Central Market,2026-01-15,kg,Retail
1347,57,8,Nilphamari New Market,2026-01-15,500g pack,Retail
1348,57,2,Nilphamari Boro Bazar,2026-01-15,kg,Retail
1349,57,7,Nilphamari Central Market,2026-03-15,kg,Retail
1350,57,6,Nilphamari New Market,2026-03-15,litre,Wholesale
1351,57,8,Nilphamari Boro Bazar,2026-03-15,500g pack,Retail
1352,57,4,Nilphamari Boro Bazar,2026-03-15,kg,Wholesale
1353,57,2,Nilphamari Town Market,2026-05-15,kg,Retail
1354,57,1,Nilphamari Central Market,2026-05-15,kg,Wholesale
1355,57,4,Nilphamari Town Market,2026-05-15,kg,Retail
1356,57,7,Nilphamari Town Market,2026-05-15,kg,Retail
1357,57,8,Nilphamari New Market,2026-07-15,500g pack,Retail
1358,57,2,Nilphamari Boro Bazar,2026-07-15,kg,Retail
1359,57,5,Nilphamari New Market,2026-07-15,kg,Retail
1360,57,3,Nilphamari Boro Bazar,2026-07-15,kg,Retail
1361,57,8,Nilphamari Central Market,2026-09-15,500g pack,Retail
1362,57,5,Nilphamari New Market,2026-09-15,kg,Retail
1363,57,4,Nilphamari Boro Bazar,2026-09-15,kg,Retail
1364,57,6,Nilphamari Boro Bazar,2026-09-15,litre,Wholesale
1365,57,1,Nilphamari Central Market,2026-11-15,kg,Wholesale
1366,57,7,Nilphamari New Market,2026-11-15,kg,Wholesale
1367,57,8,Nilphamari New Market,2026-11-15,500g pack,Retail
1368,57,3,Nilphamari Central Market,2026-11-15,kg,Retail
1369,58,7,Panchagarh Central Market,2026-01-15,kg,Wholesale
1370,58,2,Panchagarh Boro Bazar,2026-01-15,kg,Retail
1371,58,5,Panchagarh Town Market,2026-01-15,kg,Wholesale
1372,58,8,Panchagarh Boro Bazar,2026-01-15,500g pack,Wholesale
1373,58,1,Panchagarh Central Market,2026-03-15,kg,Retail
1374,58,8,Panchagarh Central Market,2026-03-15,500g pack,Wholesale
1375,58,3,Panchagarh Boro Bazar,2026-03-15,kg,Retail
1376,58,4,Panchagarh Town Market,2026-03-15,kg,Retail
1377,58,2,Panchagarh Boro Bazar,2026-05-15,kg,Retail
1378,58,6,Panchagarh Central Market,2026-05-15,litre,Retail
1379,58,3,Panchagarh Town Market,2026-05-15,kg,Wholesale
1380,58,5,Panchagarh New Market,2026-05-15,kg,Retail
1381,58,3,Panchagarh Boro Bazar,2026-07-15,kg,Wholesale
1382,58,5,Panchagarh Town Market,2026-07-15,kg,Retail
1383,58,8,Panchagarh Central Market,2026-07-15,500g pack,Retail
1384,58,2,Panchagarh Boro Bazar,2026-07-15,kg,Retail
1385,58,5,Panchagarh New Market,2026-09-15,kg,Retail
1386,58,6,Panchagarh Boro Bazar,2026-09-15,litre,Retail
1387,58,3,Panchagarh Central Market,2026-09-15,kg,Retail
1388,58,8,Panchagarh Boro Bazar,2026-09-15,500g pack,Wholesale
1389,58,5,Panchagarh New Market,2026-11-15,kg,Retail
1390,58,1,Panchagarh Town Market,2026-11-15,kg,Retail
1391,58,6,Panchagarh Central Market,2026-11-15,litre,Retail
1392,58,8,Panchagarh Town Market,2026-11-15,500g pack,Retail
1393,59,6,Rangpur New Market,2026-01-15,litre,Retail
1394,59,3,Rangpur Boro Bazar,2026-01-15,kg,Wholesale
1395,59,2,Rangpur Central Market,2026-01-15,kg,Wholesale
1396,59,1,Rangpur Central Market,2026-01-15,kg,Retail
1397,59,6,Rangpur Town Market,2026-03-15,litre,Wholesale
1398,59,1,Rangpur Boro Bazar,2026-03-15,kg,Wholesale
1399,59,5,Rangpur New Market,2026-03-15,kg,Retail
1400,59,4,Rangpur Boro Bazar,2026-03-15,kg,Wholesale
1401,59,2,Rangpur Central Market,2026-05-15,kg,Retail
1402,59,6,Rangpur Town Market,2026-05-15,litre,Wholesale
1403,59,8,Rangpur Central Market,2026-05-15,500g pack,Wholesale
1404,59,5,Rangpur Boro Bazar,2026-05-15,kg,Retail
1405,59,2,Rangpur Town Market,2026-07-15,kg,Retail
1406,59,4,Rangpur Central Market,2026-07-15,kg,Wholesale
1407,59,1,Rangpur Town Market,2026-07-15,kg,Retail
1408,59,6,Rangpur New Market,2026-07-15,litre,Retail
1409,59,3,Rangpur Boro Bazar,2026-09-15,kg,Retail
1410,59,7,Rangpur Central Market,2026-09-15,kg,Wholesale
1411,59,2,Rangpur New Market,2026-09-15,kg,Retail
1412,59,4,Rangpur New Market,2026-09-15,kg,Wholesale
1413,59,6,Rangpur New Market,2026-11-15,litre,Retail
1414,59,8,Rangpur New Market,2026-11-15,500g pack,Retail
1415,59,4,Rangpur New Market,2026-11-15,kg,Retail
1416,59,7,Rangpur New Market,2026-11-15,kg,Retail
1417,60,2,Thakurgaon Central Market,2026-01-15,kg,Retail
1418,60,6,Thakurgaon New Market,2026-01-15,litre,Wholesale
1419,60,3,Thakurgaon Boro Bazar,2026-01-15,kg,Retail
1420,60,5,Thakurgaon New Market,2026-01-15,kg,Wholesale
1421,60,8,Thakurgaon Boro Bazar,2026-03-15,500g pack,Retail
1422,60,3,Thakurgaon Town Market,2026-03-15,kg,Wholesale
1423,60,6,Thakurgaon New Market,2026-03-15,litre,Wholesale
1424,60,5,Thakurgaon Boro Bazar,2026-03-15,kg,Retail
1425,60,1,Thakurgaon Boro Bazar,2026-05-15,kg,Retail
1426,60,7,Thakurgaon Boro Bazar,2026-05-15,kg,Wholesale
1427,60,5,Thakurgaon Central Market,2026-05-15,kg,Retail
1428,60,2,Thakurgaon Boro Bazar,2026-05-15,kg,Wholesale
1429,60,2,Thakurgaon Central Market,2026-07-15,kg,Retail
1430,60,8,Thakurgaon Town Market,2026-07-15,500g pack,Wholesale
1431,60,6,Thakurgaon Boro Bazar,2026-07-15,litre,Retail
1432,60,3,Thakurgaon Boro Bazar,2026-07-15,kg,Wholesale
1433,60,7,Thakurgaon Boro Bazar,2026-09-15,,Wholesale
1434,60,2,Thakurgaon Town Market,2026-09-15,kg,Retail
1435,60,8,Thakurgaon Boro Bazar,2026-09-15,500g pack,Wholesale
1436,60,5,Thakurgaon New Market,2026-09-15,kg,Retail
1437,60,8,Thakurgaon Town Market,2026-11-15,500g pack,Wholesale
1438,60,5,Thakurgaon Boro Bazar,2026-11-15,kg,Wholesale
1439,60,6,Thakurgaon Central Market,2026-11-15,litre,Retail
1440,60,1,Thakurgaon New Market,2026-11-15,kg,Wholesale
1441,61,3,Jamalpur Central Market,2026-01-15,kg,Wholesale
1442,61,5,Jamalpur Town Market,2026-01-15,kg,Wholesale
1443,61,2,Jamalpur Town Market,2026-01-15,kg,Wholesale
1444,61,6,Jamalpur Central Market,2026-01-15,litre,Wholesale
1445,61,7,Jamalpur New Market,2026-03-15,kg,Retail
1446,61,6,Jamalpur New Market,2026-03-15,litre,Wholesale
1447,61,3,Jamalpur Town Market,2026-03-15,kg,Wholesale
1448,61,1,Jamalpur New Market,2026-03-15,kg,Retail
1449,61,8,Jamalpur Boro Bazar,2026-05-15,500g pack,Wholesale
1450,61,5,Jamalpur Boro Bazar,2026-05-15,kg,Wholesale
1451,61,6,Jamalpur Boro Bazar,2026-05-15,litre,Retail
1452,61,1,Jamalpur Central Market,2026-05-15,kg,Retail
1453,61,6,Jamalpur New Market,2026-07-15,litre,Wholesale
1454,61,3,Jamalpur Central Market,2026-07-15,kg,Wholesale
1455,61,2,Jamalpur Boro Bazar,2026-07-15,kg,Wholesale
1456,61,7,Jamalpur Town Market,2026-07-15,kg,Wholesale
1457,61,8,Jamalpur Central Market,2026-09-15,500g pack,Wholesale
1458,61,5,Jamalpur Boro Bazar,2026-09-15,kg,Retail
1459,61,4,Jamalpur Boro Bazar,2026-09-15,kg,Retail
1460,61,3,Jamalpur New Market,2026-09-15,kg,Retail
1461,61,6,Jamalpur Boro Bazar,2026-11-15,litre,Wholesale
1462,61,4,Jamalpur Boro Bazar,2026-11-15,kg,Wholesale
1463,61,2,Jamalpur Boro Bazar,2026-11-15,kg,Retail
1464,61,5,Jamalpur Town Market,2026-11-15,kg,Wholesale
1465,62,5,Mymensingh New Market,2026-01-15,kg,Wholesale
1466,62,1,Mymensingh Boro Bazar,2026-01-15,kg,Retail
1467,62,7,Mymensingh Central Market,2026-01-15,kg,Wholesale
1468,62,6,Mymensingh Central Market,2026-01-15,litre,Retail
1469,62,2,Mymensingh Central Market,2026-03-15,kg,Wholesale
1470,62,8,Mymensingh Boro Bazar,2026-03-15,500g pack,Retail
1471,62,5,Mymensingh New Market,2026-03-15,kg,Wholesale
1472,62,4,Mymensingh Central Market,2026-03-15,kg,Retail
1473,62,5,Mymensingh Central Market,2026-05-15,kg,Retail
1474,62,8,Mymensingh New Market,2026-05-15,500g pack,Wholesale
1475,62,3,Mymensingh Boro Bazar,2026-05-15,kg,Wholesale
1476,62,1,Mymensingh Boro Bazar,2026-05-15,kg,Retail
1477,62,4,Mymensingh Central Market,2026-07-15,kg,Retail
1478,62,7,Mymensingh New Market,2026-07-15,kg,Wholesale
1479,62,5,Mymensingh New Market,2026-07-15,kg,Retail
1480,62,2,Mymensingh Boro Bazar,2026-07-15,kg,Wholesale
1481,62,2,Mymensingh Boro Bazar,2026-09-15,kg,Wholesale
1482,62,8,Mymensingh Central Market,2026-09-15,500g pack,Retail
1483,62,4,Mymensingh New Market,2026-09-15,kg,Retail
1484,62,3,Mymensingh Town Market,2026-09-15,kg,Retail
1485,62,2,Mymensingh Boro Bazar,2026-11-15,kg,Wholesale
1486,62,8,Mymensingh Boro Bazar,2026-11-15,500g pack,Retail
1487,62,5,Mymensingh Boro Bazar,2026-11-15,kg,Retail
1488,62,6,Mymensingh Central Market,2026-11-15,litre,Retail
1489,63,8,Netrokona Town Market,2026-01-15,500g pack,Wholesale
1490,63,3,Netrokona Central Market,2026-01-15,kg,Wholesale
1491,63,7,Netrokona Boro Bazar,2026-01-15,kg,Wholesale
1492,63,2,Netrokona Town Market,2026-01-15,kg,Wholesale
1493,63,7,,2026-03-15,kg,Retail
1494,63,6,Netrokona Town Market,2026-03-15,litre,Wholesale
1495,63,8,Netrokona Town Market,2026-03-15,500g pack,Wholesale
1496,63,3,Netrokona Boro Bazar,2026-03-15,kg,Retail
1497,63,8,Netrokona Town Market,2026-05-15,500g pack,Wholesale
1498,63,3,Netrokona Central Market,2026-05-15,kg,Wholesale
1499,63,5,Netrokona Boro Bazar,2026-05-15,kg,Retail
1500,63,4,Netrokona New Market,2026-05-15,kg,Retail
1501,63,8,Netrokona Boro Bazar,2026-07-15,500g pack,Retail
1502,63,5,Netrokona New Market,2026-07-15,kg,Wholesale
1503,63,6,Netrokona New Market,2026-07-15,litre,Retail
1504,63,7,Netrokona Central Market,2026-07-15,kg,Retail
1505,63,3,Netrokona Central Market,2026-09-15,kg,Retail
1506,63,4,Netrokona Town Market,2026-09-15,kg,Retail
1507,63,1,Netrokona Boro Bazar,2026-09-15,kg,Wholesale
1508,63,2,Netrokona Town Market,2026-09-15,kg,Wholesale
1509,63,3,Netrokona Central Market,2026-11-15,kg,Retail
1510,63,6,Netrokona Central Market,2026-11-15,litre,Wholesale
1511,63,8,Netrokona Central Market,2026-11-15,500g pack,Retail
1512,63,7,Netrokona Town Market,2026-11-15,kg,Retail
1513,64,1,Sherpur Town Market,2026-01-15,kg,Retail
1514,64,8,Sherpur New Market,2026-01-15,500g pack,Retail
1515,64,7,Sherpur Central Market,2026-01-15,kg,Retail
1516,64,3,Sherpur Central Market,2026-01-15,kg,Retail
1517,64,7,Sherpur Boro Bazar,2026-03-15,kg,Wholesale
1518,64,4,Sherpur Town Market,2026-03-15,kg,Wholesale
1519,64,3,Sherpur Boro Bazar,2026-03-15,kg,Wholesale
1520,64,6,Sherpur Central Market,2026-03-15,litre,Retail
1521,64,1,Sherpur Boro Bazar,2026-05-15,kg,Wholesale
1522,64,6,Sherpur Town Market,2026-05-15,litre,Wholesale
1523,64,3,Sherpur Town Market,2026-05-15,kg,Retail
1524,64,5,Sherpur Boro Bazar,2026-05-15,kg,Retail
1525,64,5,Sherpur Central Market,2026-07-15,kg,Retail
1526,64,8,Sherpur New Market,2026-07-15,500g pack,Wholesale
1527,64,1,Sherpur Town Market,2026-07-15,kg,Wholesale
1528,64,2,Sherpur Boro Bazar,2026-07-15,kg,Retail
1529,64,5,Sherpur New Market,2026-09-15,kg,Wholesale
1530,64,4,Sherpur New Market,2026-09-15,kg,Retail
1531,64,6,Sherpur Town Market,2026-09-15,litre,Retail
1532,64,1,Sherpur Central Market,2026-09-15,kg,Wholesale
1533,64,3,Sherpur New Market,2026-11-15,kg,Retail
1534,64,7,Sherpur Boro Bazar,2026-11-15,kg,Wholesale
1535,64,6,Sherpur New Market,2026-11-15,litre,Wholesale
1536,64,8,Sherpur Boro Bazar,2026-11-15,500g pack,Retail
