import_id,product_id,origin_country,import_date,importer_name,quantity,total_value_usd,delivery_terms,mode_of_transport
1,21,QA,2025-09-23,Bangladesh Import & Supply Co. 20,33079,453842.32,FOB,Air
2,18,ES,2024-02-26,Bangladesh Import & Supply Co. 18,12242,291656.46,CIF,Sea
3,48,SE,2025-03-04,Bangladesh Import & Supply Co. 24,21338,312547.4,CFR,Sea
4,40,DE,2024-05-26,Bangladesh Import & Supply Co. 10,9976,141266.28,CIF,Road
5,58,BR,2024-11-25,Bangladesh Import & Supply Co. 33,11200,124293.32,CFR,Sea
6,50,MY,2025-09-13,Bangladesh Import & Supply Co. 19,23284,182992.11,FOB,Road
7,25,SE,2024-06-22,Bangladesh Import & Supply Co. 14,31045,196285.29,CIF,Sea
8,52,FR,2026-04-14,Bangladesh Import & Supply Co. 36,20700,141596.76,FOB,Sea
9,35,NZ,2025-04-30,Bangladesh Import & Supply Co. 37,14668,174032.6,FOB,Sea
10,44,CH,2024-05-28,Bangladesh Import & Supply Co. 20,22695,514956.1,CFR,Road
11,17,BE,2025-06-22,Bangladesh Import & Supply Co. 19,19922,253832.6,CFR,Road
12,24,AU,2025-10-03,Bangladesh Import & Supply Co. 34,1926,25584.44,FOB,Road
13,37,NZ,2024-01-30,Bangladesh Import & Supply Co. 03,22305,79349.04,EXW,Road
14,57,NP,2025-07-30,Bangladesh Import & Supply Co. 40,23549,287151.35,EXW,Sea
15,1,SG,2026-04-16,Bangladesh Import & Supply Co. 20,10347,61255.11,CIF,Sea
16,48,IN,2024-10-26,Bangladesh Import & Supply Co. 34,27235,145764.28,CIF,Sea
17,49,AE,2024-07-06,Bangladesh Import & Supply Co. 38,27655,425396.71,CFR,Road
18,44,US,2025-02-02,Bangladesh Import & Supply Co. 01,12323,212719.1,FOB,Air
19,17,IN,2025-01-27,Bangladesh Import & Supply Co. 31,34431,133431.19,FOB,Sea
20,25,US,2025-04-21,Bangladesh Import & Supply Co. 24,7973,64785.16,CFR,Sea
21,30,IT,2024-03-07,Bangladesh Import & Supply Co. 02,11247,252295.85,CFR,Road
22,34,BE,2024-09-14,Bangladesh Import & Supply Co. 09,10765,59224.85,EXW,Sea
23,24,US,2024-01-04,Bangladesh Import & Supply Co. 06,20075,347035.32,CFR,Sea
24,48,GB,2024-08-30,Bangladesh Import & Supply Co. 10,31822,386480.92,EXW,Sea
25,24,PK,2025-11-02,Bangladesh Import & Supply Co. 28,3740,9046.28,EXW,Sea
26,6,NP,2024-08-20,Bangladesh Import & Supply Co. 08,5660,126001.84,EXW,Sea
27,12,VN,2025-10-19,Bangladesh Import & Supply Co. 21,1976,47071.58,CIF,Sea
28,7,CA,2024-06-09,Bangladesh Import & Supply Co. 39,12886,45212.93,FOB,Sea
29,21,NP,2024-12-19,Bangladesh Import & Supply Co. 05,31415,688102.89,CFR,Air
30,5,KR,2025-04-01,Bangladesh Import & Supply Co. 03,1849,34659.58,EXW,Sea
31,16,NZ,2024-11-14,Bangladesh Import & Supply Co. 02,22527,263140.37,CFR,Road
32,26,JP,2026-04-16,Bangladesh Import & Supply Co. 11,18820,370915.36,CFR,Sea
33,33,FR,2024-02-28,Bangladesh Import & Supply Co. 33,29083,545619.56,EXW,Sea
34,16,AE,2025-10-11,Bangladesh Import & Supply Co. 09,24127,112477.48,FOB,Air
35,16,CH,2025-03-08,Bangladesh Import & Supply Co. 29,1684,17927.07,EXW,Air
36,30,QA,2024-09-30,Bangladesh Import & Supply Co. 38,31576,330330.23,EXW,Sea
37,4,BR,2024-12-15,Bangladesh Import & Supply Co. 19,30895,720168.06,CFR,Air
38,9,SE,2025-07-20,Bangladesh Import & Supply Co. 22,13953,68224.45,CIF,Sea
39,3,CA,2024-04-08,Bangladesh Import & Supply Co. 25,16924,344225.12,CIF,Sea
40,5,ES,2024-02-23,Bangladesh Import & Supply Co. 03,32298,236108.57,FOB,Sea
41,22,AE,2024-07-20,Bangladesh Import & Supply Co. 02,31684,616220.88,CFR,Sea
42,1,JP,2026-08-16,Bangladesh Import & Supply Co. 05,32561,670837.1,FOB,Sea
43,41,ES,2025-09-25,Bangladesh Import & Supply Co. 16,21416,274672.2,CFR,Road
44,19,IT,2026-04-05,Bangladesh Import & Supply Co. 35,18178,252338.98,EXW,Air
45,27,IN,2026-06-26,Bangladesh Import & Supply Co. 35,18206,193870.94,FOB,Sea
46,15,VN,2024-12-28,Bangladesh Import & Supply Co. 38,11629,166994.36,FOB,Sea
47,52,SE,2024-12-01,Bangladesh Import & Supply Co. 06,24017,114014.63,CIF,Sea
48,28,PK,2024-11-04,Bangladesh Import & Supply Co. 15,6828,10985.88,CIF,
49,36,BR,2026-01-28,Bangladesh Import & Supply Co. 22,27255,448020.35,CFR,Sea
50,30,KR,2025-06-16,Bangladesh Import & Supply Co. 27,29799,327048.51,CIF,Sea
51,60,SG,2024-12-07,Bangladesh Import & Supply Co. 23,9613,22200.96,FOB,Sea
52,57,IT,2024-07-01,Bangladesh Import & Supply Co. 02,25906,552970.56,EXW,Sea
53,32,TH,2026-07-14,Bangladesh Import & Supply Co. 17,23731,424356.95,EXW,Road
54,41,CN,2025-03-03,Bangladesh Import & Supply Co. 37,28713,154480.17,CIF,Sea
55,26,KR,2024-04-19,Bangladesh Import & Supply Co. 08,23405,132941.97,EXW,Sea
56,20,AU,2024-11-23,Bangladesh Import & Supply Co. 28,31958,353439.12,CFR,Sea
57,44,NP,2024-12-02,Bangladesh Import & Supply Co. 33,1561,22143.18,EXW,Sea
58,32,SA,2024-10-23,Bangladesh Import & Supply Co. 37,8424,150110.87,EXW,Sea
59,60,BE,2025-07-20,Bangladesh Import & Supply Co. 02,30645,147160.91,EXW,Sea
60,50,JP,2025-11-05,Bangladesh Import & Supply Co. 24,6145,8456.17,FOB,Road
61,9,JP,2024-10-21,Bangladesh Import & Supply Co. 38,4023,27075.08,CFR,Road
62,15,ZA,2024-03-18,Bangladesh Import & Supply Co. 11,21998,67607.17,CIF,Air
63,42,IT,2026-07-18,Bangladesh Import & Supply Co. 02,21735,31859.02,EXW,Sea
64,55,FR,2026-03-06,Bangladesh Import & Supply Co. 01,4735,103597.02,CIF,Sea
65,29,SG,2026-05-26,Bangladesh Import & Supply Co. 09,16704,68471.64,EXW,Sea
66,43,MY,2025-06-09,Bangladesh Import & Supply Co. 03,24281,43764.9,EXW,Sea
67,3,SG,2026-07-09,Bangladesh Import & Supply Co. 04,20318,61231.68,EXW,Sea
68,12,MY,2024-11-21,Bangladesh Import & Supply Co. 28,17535,31672.35,CIF,Air
69,37,BR,2024-12-04,Bangladesh Import & Supply Co. 05,33498,509252.99,FOB,Sea
70,2,PK,2026-01-27,Bangladesh Import & Supply Co. 08,7085,141819.89,CIF,Road
71,43,PK,2024-09-05,Bangladesh Import & Supply Co. 29,25278,336193.45,CFR,Sea
72,32,BE,2026-07-20,Bangladesh Import & Supply Co. 34,14375,89361.42,CFR,Sea
73,45,AU,2026-04-14,Bangladesh Import & Supply Co. 12,5647,4685.37,CIF,Sea
74,48,QA,2026-08-27,Bangladesh Import & Supply Co. 16,34356,621016.51,CFR,Road
75,19,ZA,2026-01-31,Bangladesh Import & Supply Co. 35,12643,249760.33,EXW,Air
76,11,ES,2024-12-08,Bangladesh Import & Supply Co. 37,18566,149825.09,FOB,Sea
77,40,CA,2025-04-02,Bangladesh Import & Supply Co. 31,13502,280289.16,CFR,Road
78,44,JP,2024-05-13,Bangladesh Import & Supply Co. 08,19312,125122.11,EXW,Sea
79,8,MY,2024-04-26,Bangladesh Import & Supply Co. 38,15184,23679.69,CIF,Sea
80,28,CN,2025-08-08,Bangladesh Import & Supply Co. 40,4759,46849.45,CIF,Sea
81,19,VN,2025-03-26,Bangladesh Import & Supply Co. 34,24910,329989.99,CIF,Sea
82,8,SA,2025-09-20,Bangladesh Import & Supply Co. 31,9057,208517.61,FOB,Sea
83,55,TH,2026-05-28,Bangladesh Import & Supply Co. 02,31296,713873.04,EXW,
84,55,ES,2024-07-23,Bangladesh Import & Supply Co. 27,10188,158114.09,CIF,Sea
85,50,BE,2024-09-20,Bangladesh Import & Supply Co. 22,28357,439756.2,EXW,Sea
86,38,NZ,2024-11-07,Bangladesh Import & Supply Co. 17,23308,103691.8,EXW,Sea
87,48,US,2024-10-18,Bangladesh Import & Supply Co. 11,26120,411564.78,EXW,Sea
88,48,NL,2025-01-01,Bangladesh Import & Supply Co. 10,1092,23277.47,EXW,Sea
89,57,PK,2025-09-24,Bangladesh Import & Supply Co. 22,21022,469858.21,CFR,Road
90,40,US,2024-04-11,Bangladesh Import & Supply Co. 24,10400,91098.73,FOB,Sea
91,15,GB,2025-10-21,Bangladesh Import & Supply Co. 03,24073,519574.56,CFR,Sea
92,17,IT,2025-10-12,Bangladesh Import & Supply Co. 20,32496,662395.22,CIF,Sea
93,45,BE,2024-05-06,Bangladesh Import & Supply Co. 32,28328,641711.36,CIF,Sea
94,17,CN,2026-07-29,Bangladesh Import & Supply Co. 22,1036,6712.56,FOB,Road
95,25,ZA,2024-05-18,Bangladesh Import & Supply Co. 30,26742,460683.28,CFR,Sea
96,53,ZA,2026-06-10,Bangladesh Import & Supply Co. 10,16154,369952.35,FOB,Sea
97,56,BR,2024-06-13,Bangladesh Import & Supply Co. 40,2214,48865.16,EXW,Sea
98,34,JP,2024-06-07,Bangladesh Import & Supply Co. 32,15590,192525.65,CFR,Sea
99,36,CH,2024-03-16,Bangladesh Import & Supply Co. 27,15224,197083.41,EXW,Sea
100,32,MY,2024-08-01,Bangladesh Import & Supply Co. 05,7380,60109.59,CIF,Sea
101,40,IN,2024-03-29,Bangladesh Import & Supply Co. 35,9852,82017.86,CIF,Road
102,35,SE,2024-05-18,Bangladesh Import & Supply Co. 40,588,12320.58,,Sea
103,3,KR,2024-08-17,Bangladesh Import & Supply Co. 31,13534,59741.67,EXW,Sea
104,13,FR,2025-09-11,Bangladesh Import & Supply Co. 29,18467,297741.14,CIF,Road
105,14,SA,2024-06-05,Bangladesh Import & Supply Co. 03,30779,565778.4,EXW,Sea
106,14,AU,2025-08-11,Bangladesh Import & Supply Co. 33,5745,84691.09,EXW,Road
107,13,FR,2025-08-05,Bangladesh Import & Supply Co. 04,31572,425659.14,FOB,Sea
108,22,CA,2024-03-01,Bangladesh Import & Supply Co. 36,24051,174200.58,CFR,Sea
109,24,CH,2024-11-28,Bangladesh Import & Supply Co. 32,14179,211020.21,EXW,Road
110,50,TH,2024-11-19,Bangladesh Import & Supply Co. 16,4438,6813,EXW,Sea
111,26,BR,2025-11-17,Bangladesh Import & Supply Co. 37,19142,190427.36,FOB,Sea
112,37,VN,2026-06-01,Bangladesh Import & Supply Co. 36,31780,728261.84,CIF,Air
113,26,CN,2025-09-25,Bangladesh Import & Supply Co. 20,33405,798729.64,CFR,Sea
114,55,CA,2025-07-22,Bangladesh Import & Supply Co. 14,22525,30739.56,FOB,Air
115,55,TH,2024-04-28,Bangladesh Import & Supply Co. 01,30321,713222.12,EXW,Road
116,12,IT,2024-04-16,Bangladesh Import & Supply Co. 21,3028,28982.66,CIF,Road
117,57,CA,2026-05-03,Bangladesh Import & Supply Co. 08,8829,185435.1,CIF,Air
118,41,LK,2025-07-06,Bangladesh Import & Supply Co. 28,31255,582285.19,EXW,Sea
119,48,BR,2025-12-07,Bangladesh Import & Supply Co. 19,28136,591761.73,CFR,Sea
120,49,SE,2025-11-07,Bangladesh Import & Supply Co. 20,4103,54410.96,FOB,Sea
121,37,QA,2025-06-21,Bangladesh Import & Supply Co. 35,29853,27999.17,CIF,Sea
122,52,MY,2025-04-24,Bangladesh Import & Supply Co. 31,18309,76596.04,EXW,Sea
123,35,SA,2025-10-13,Bangladesh Import & Supply Co. 38,11715,258415.7,CIF,Sea
124,14,BE,2024-08-23,Bangladesh Import & Supply Co. 37,3605,73696.73,CFR,Sea
125,42,BE,2025-06-21,Bangladesh Import & Supply Co. 31,25039,142133.25,CIF,Road
126,55,BR,2025-06-08,Bangladesh Import & Supply Co. 23,31669,342301.69,CIF,Sea
127,31,DE,2026-04-18,Bangladesh Import & Supply Co. 03,1120,21698.61,CFR,Road
128,36,LK,2025-09-11,Bangladesh Import & Supply Co. 03,34534,473629.66,FOB,Sea
129,33,ES,2025-01-17,Bangladesh Import & Supply Co. 18,15181,85965,CIF,Sea
130,2,SG,2026-07-05,Bangladesh Import & Supply Co. 40,33894,416339.02,CIF,Sea
131,56,GB,2024-06-23,Bangladesh Import & Supply Co. 25,1453,13031.82,CFR,Air
132,40,NP,2026-03-25,Bangladesh Import & Supply Co. 40,31373,543101.26,EXW,Sea
133,19,CN,2024-06-20,Bangladesh Import & Supply Co. 12,20963,413610.4,CIF,Sea
134,3,VN,2024-02-02,Bangladesh Import & Supply Co. 22,3662,37149,CIF,Sea
135,10,DE,2026-08-14,Bangladesh Import & Supply Co. 32,29608,58683.38,CIF,Sea
136,54,QA,2024-06-05,Bangladesh Import & Supply Co. 26,32515,307314.89,EXW,Road
137,12,VN,2025-11-10,Bangladesh Import & Supply Co. 01,1672,33279.57,CFR,Sea
138,41,MY,2024-02-10,Bangladesh Import & Supply Co. 35,12466,243861.4,FOB,Sea
139,11,ES,2025-03-06,Bangladesh Import & Supply Co. 15,23205,60220.74,EXW,Road
140,48,JP,2025-04-16,Bangladesh Import & Supply Co. 01,27062,54145.49,CFR,Sea
141,55,CA,2025-01-15,Bangladesh Import & Supply Co. 34,20919,59024.91,CFR,Sea
142,40,JP,2026-04-05,Bangladesh Import & Supply Co. 31,29970,148332.78,CFR,Road
143,31,KR,2025-03-31,Bangladesh Import & Supply Co. 32,8112,14090.59,CIF,Sea
144,19,BE,2025-11-24,Bangladesh Import & Supply Co. 17,15182,312042.11,CFR,Air
145,40,NL,2025-10-21,Bangladesh Import & Supply Co. 28,4258,71292.44,CIF,Road
146,24,JP,2024-07-11,Bangladesh Import & Supply Co. 26,22371,131240.32,CFR,Sea
147,37,SE,2026-05-13,Bangladesh Import & Supply Co. 34,6405,84482.06,CIF,Road
148,59,IN,2024-08-15,Bangladesh Import & Supply Co. 23,13182,146432.83,FOB,Sea
149,37,LK,2026-01-14,Bangladesh Import & Supply Co. 06,15693,339231.85,CIF,Road
150,55,QA,2026-04-14,Bangladesh Import & Supply Co. 15,18265,124583.75,FOB,Sea
151,8,NZ,2026-01-12,Bangladesh Import & Supply Co. 11,16914,83314.78,CFR,Road
152,33,BR,2025-07-31,Bangladesh Import & Supply Co. 18,32397,496622.71,CIF,Sea
153,48,IN,2024-02-14,Bangladesh Import & Supply Co. 09,21866,58339.02,CIF,Air
154,49,US,2025-08-10,Bangladesh Import & Supply Co. 02,20167,50045.53,EXW,Sea
155,57,LK,2024-10-20,Bangladesh Import & Supply Co. 38,30158,644036.79,CFR,Sea
156,24,ZA,2024-01-31,Bangladesh Import & Supply Co. 05,18433,93433.86,EXW,Sea
157,42,PK,2026-01-03,Bangladesh Import & Supply Co. 11,7795,125006.6,EXW,Sea
158,39,IN,2024-12-18,Bangladesh Import & Supply Co. 25,13771,50006.71,CIF,Sea
159,33,CH,2025-04-26,Bangladesh Import & Supply Co. 34,33886,592258.15,CIF,Sea
160,21,BE,2025-11-26,Bangladesh Import & Supply Co. 03,3655,59103.24,CIF,Sea
161,2,CH,2026-04-14,Bangladesh Import & Supply Co. 16,6614,9854.76,CIF,Sea
162,39,IN,2024-03-23,Bangladesh Import & Supply Co. 32,7534,122136.64,CFR,Sea
163,8,NP,2026-02-08,Bangladesh Import & Supply Co. 34,25522,255631.15,CFR,Sea
164,34,BE,2026-07-02,Bangladesh Import & Supply Co. 29,13524,286663.88,CFR,Road
165,36,KR,2025-03-25,Bangladesh Import & Supply Co. 39,26687,469807.73,CIF,Sea
166,43,CH,2024-05-20,Bangladesh Import & Supply Co. 04,2541,7349.9,CFR,Sea
167,57,LK,2026-04-05,Bangladesh Import & Supply Co. 12,8661,53554.39,FOB,Sea
168,58,GB,2024-09-01,Bangladesh Import & Supply Co. 17,13044,80842.87,CIF,Air
169,11,NZ,2025-04-23,Bangladesh Import & Supply Co. 37,32792,224156.47,CIF,Sea
170,36,PK,2025-10-07,Bangladesh Import & Supply Co. 34,30211,82138.56,CIF,Sea
171,50,DE,2026-06-05,Bangladesh Import & Supply Co. 40,6492,54326.7,FOB,Sea
172,4,IN,2025-11-18,Bangladesh Import & Supply Co. 35,5324,105863.89,FOB,Sea
173,21,AU,2025-04-15,Bangladesh Import & Supply Co. 04,8378,201020.85,EXW,Sea
174,41,LK,2025-04-13,Bangladesh Import & Supply Co. 11,10251,212210.48,CFR,Sea
175,27,MY,2025-05-02,Bangladesh Import & Supply Co. 22,20906,429214.05,CFR,Sea
176,48,GB,2025-08-31,Bangladesh Import & Supply Co. 09,27717,154726,CFR,Sea
177,33,BE,2026-06-18,Bangladesh Import & Supply Co. 30,32231,493400.16,CIF,Road
178,26,SE,2024-03-11,Bangladesh Import & Supply Co. 13,19176,191984.79,CIF,Air
179,36,IT,2025-06-20,Bangladesh Import & Supply Co. 28,11797,182347.57,CFR,Sea
180,55,NZ,2024-09-16,Bangladesh Import & Supply Co. 17,2587,21224.74,FOB,Sea
181,11,PK,2024-11-05,Bangladesh Import & Supply Co. 05,34077,703872.5,CFR,Road
182,2,CH,2024-05-25,Bangladesh Import & Supply Co. 25,21112,292265.61,CIF,Road
183,30,MY,2024-10-08,Bangladesh Import & Supply Co. 13,11693,83476.79,EXW,Sea
184,53,SA,2025-08-12,Bangladesh Import & Supply Co. 37,26356,528191.12,CFR,
185,20,PK,2026-05-04,Bangladesh Import & Supply Co. 14,32244,97248.93,CIF,Sea
186,48,ZA,2025-08-07,Bangladesh Import & Supply Co. 03,10244,35360.29,EXW,Sea
187,39,IT,2025-10-01,Bangladesh Import & Supply Co. 36,6982,149122.05,CFR,Sea
188,23,SA,2026-05-07,Bangladesh Import & Supply Co. 14,13935,81275.76,CFR,Air
189,2,LK,2025-07-06,Bangladesh Import & Supply Co. 36,26768,119931.74,EXW,Sea
190,15,AE,2026-02-20,Bangladesh Import & Supply Co. 07,1125,24697.57,CFR,Road
191,40,ES,2026-03-23,Bangladesh Import & Supply Co. 07,19559,336813.84,CIF,Sea
192,34,TH,2026-08-12,Bangladesh Import & Supply Co. 01,5964,97092.79,FOB,Sea
193,54,CH,2024-08-19,Bangladesh Import & Supply Co. 30,2437,18307.06,FOB,Sea
194,38,VN,2025-08-15,Bangladesh Import & Supply Co. 19,32998,467032.11,CFR,Sea
195,60,AE,2025-11-24,Bangladesh Import & Supply Co. 27,10515,84167.41,CIF,Sea
196,35,SA,2025-07-14,Bangladesh Import & Supply Co. 30,2880,46912.98,FOB,Sea
197,43,DE,2026-07-23,Bangladesh Import & Supply Co. 11,16974,131312.78,FOB,Sea
198,31,ZA,2025-12-01,,1352,19042.35,CIF,Sea
199,21,DE,2025-03-24,Bangladesh Import & Supply Co. 29,32299,479014.73,EXW,Sea
200,34,TH,2025-03-03,Bangladesh Import & Supply Co. 15,20201,120812.77,CIF,Road
201,16,QA,2024-10-27,Bangladesh Import & Supply Co. 20,14886,284358.53,CFR,Air
202,35,IT,2024-08-25,Bangladesh Import & Supply Co. 36,19998,271693.03,EXW,Sea
203,17,AU,2025-05-22,Bangladesh Import & Supply Co. 14,33505,407895.25,EXW,Sea
204,44,BE,2024-02-28,Bangladesh Import & Supply Co. 27,24074,233923.75,EXW,Sea
205,7,SE,2024-04-12,Bangladesh Import & Supply Co. 38,10281,170955.22,FOB,Sea
206,30,AU,2024-02-13,Bangladesh Import & Supply Co. 24,26291,153704.71,EXW,Sea
207,40,ZA,2024-05-24,Bangladesh Import & Supply Co. 34,21555,324958.18,FOB,Sea
208,9,SA,2026-04-27,Bangladesh Import & Supply Co. 28,33598,224396.23,EXW,Sea
209,18,PK,2025-12-10,Bangladesh Import & Supply Co. 37,18167,401377.61,CIF,Sea
210,44,NP,2025-05-31,Bangladesh Import & Supply Co. 06,4695,32785.54,CFR,Sea
211,15,NP,2024-08-17,Bangladesh Import & Supply Co. 06,1772,39444.04,CFR,Sea
212,39,CN,2024-09-17,,28090,260181.18,FOB,Sea
213,24,ES,2024-12-13,Bangladesh Import & Supply Co. 30,23220,182824.73,FOB,Road
214,25,QA,2026-03-23,Bangladesh Import & Supply Co. 13,16053,165575.07,CIF,Sea
215,15,GB,2026-03-17,Bangladesh Import & Supply Co. 01,22444,57741.96,CIF,Road
216,52,AE,2024-02-02,Bangladesh Import & Supply Co. 34,27038,92986.74,CIF,Sea
217,38,AE,2025-05-22,Bangladesh Import & Supply Co. 32,3202,17706.36,EXW,Sea
218,40,MY,2025-02-18,Bangladesh Import & Supply Co. 18,29495,235039.22,FOB,Sea
219,35,SA,2026-07-31,Bangladesh Import & Supply Co. 18,12982,161706.98,EXW,Sea
220,18,AE,2025-09-23,Bangladesh Import & Supply Co. 34,30067,294011.54,FOB,Road
221,12,TH,2026-08-04,Bangladesh Import & Supply Co. 17,15121,338766,FOB,Sea
222,2,ZA,2026-03-20,Bangladesh Import & Supply Co. 15,7069,43709.35,EXW,Sea
223,41,CH,2024-05-17,Bangladesh Import & Supply Co. 32,1170,14191.41,EXW,Sea
224,20,CN,2024-08-18,Bangladesh Import & Supply Co. 28,8075,179433.66,CFR,Road
225,26,AU,2025-07-18,Bangladesh Import & Supply Co. 28,24335,315019.76,CIF,Sea
226,54,KR,2025-08-31,Bangladesh Import & Supply Co. 07,13713,82310.53,CIF,Sea
227,56,LK,2024-12-01,Bangladesh Import & Supply Co. 28,28533,653136.43,FOB,Sea
228,24,AU,2025-01-10,Bangladesh Import & Supply Co. 09,2750,63477.12,CFR,Sea
229,21,SA,2025-01-15,Bangladesh Import & Supply Co. 33,13953,107349.36,FOB,Air
230,38,BE,2024-09-02,Bangladesh Import & Supply Co. 37,19780,464471.36,CIF,Road
231,21,JP,2024-02-04,Bangladesh Import & Supply Co. 12,24889,468031.47,FOB,Sea
232,14,FR,2024-11-01,Bangladesh Import & Supply Co. 12,32890,208886.92,,Sea
233,29,SG,2026-05-31,Bangladesh Import & Supply Co. 14,6858,120176.57,FOB,Sea
234,40,JP,2026-03-17,Bangladesh Import & Supply Co. 16,3357,48731.77,CIF,Sea
235,45,NL,2024-11-06,Bangladesh Import & Supply Co. 13,591,2252.01,EXW,Sea
236,24,TH,2025-05-25,Bangladesh Import & Supply Co. 31,6953,115775.75,CIF,Sea
237,32,CH,2025-07-16,Bangladesh Import & Supply Co. 20,22833,344053.11,FOB,Sea
238,38,US,2024-09-28,Bangladesh Import & Supply Co. 34,9104,138926.29,CFR,Road
239,35,IN,2026-08-13,Bangladesh Import & Supply Co. 28,32915,767161.7,CIF,Sea
240,7,MY,2025-11-23,Bangladesh Import & Supply Co. 17,9128,186455.98,FOB,Road
241,24,CN,2024-05-22,Bangladesh Import & Supply Co. 24,27133,174508.24,EXW,Road
242,33,TH,2026-02-23,Bangladesh Import & Supply Co. 32,8732,114300.33,CFR,Sea
243,34,SE,2025-01-17,Bangladesh Import & Supply Co. 22,6022,8735.87,CIF,Air
244,32,DE,2026-06-14,Bangladesh Import & Supply Co. 03,10947,11066.54,CFR,Sea
245,36,CN,2024-12-09,Bangladesh Import & Supply Co. 05,18182,432003.93,FOB,Sea
246,49,NL,2025-10-24,Bangladesh Import & Supply Co. 18,8113,148665.67,,Sea
247,30,QA,2024-07-18,Bangladesh Import & Supply Co. 22,5837,5811.99,FOB,Air
248,3,CH,2024-05-08,Bangladesh Import & Supply Co. 38,20149,296887.48,EXW,Air
249,15,LK,2025-03-10,Bangladesh Import & Supply Co. 32,11805,164581.06,CIF,Sea
250,57,GB,2024-02-24,Bangladesh Import & Supply Co. 01,19437,112753.71,FOB,Sea
251,53,AE,2025-11-13,Bangladesh Import & Supply Co. 36,17640,366568.77,EXW,Sea
252,55,ES,2025-05-24,Bangladesh Import & Supply Co. 04,12638,36721.95,EXW,Sea
253,32,QA,2026-07-06,Bangladesh Import & Supply Co. 34,23227,537867.74,CIF,Sea
254,2,TH,2024-08-12,Bangladesh Import & Supply Co. 39,740,6306.45,FOB,Sea
255,25,ZA,2024-12-07,Bangladesh Import & Supply Co. 27,26522,578112.63,EXW,Road
256,23,TH,2025-12-10,Bangladesh Import & Supply Co. 31,32281,352473.85,FOB,Sea
257,37,SA,2026-04-06,Bangladesh Import & Supply Co. 35,3105,60375.65,FOB,Sea
258,7,SG,2025-04-15,Bangladesh Import & Supply Co. 20,17186,269531.74,CFR,Road
259,36,SE,2026-07-08,Bangladesh Import & Supply Co. 22,24795,511433.93,CIF,Sea
260,40,FR,2026-03-27,Bangladesh Import & Supply Co. 08,15993,108161.3,FOB,Sea
261,14,PK,2024-05-06,Bangladesh Import & Supply Co. 18,17434,144332.17,CFR,Sea
262,11,VN,2024-10-16,Bangladesh Import & Supply Co. 37,31062,629940.22,FOB,Sea
263,13,SA,2025-05-02,Bangladesh Import & Supply Co. 21,11754,33360.24,CFR,Road
264,3,TH,2026-04-09,Bangladesh Import & Supply Co. 30,19745,402643.27,FOB,Road
265,57,VN,2026-04-11,Bangladesh Import & Supply Co. 18,31154,257276.64,CIF,Road
266,16,ZA,2026-07-30,Bangladesh Import & Supply Co. 22,9173,65404.98,EXW,Sea
267,45,BR,2026-02-14,Bangladesh Import & Supply Co. 29,28079,355080.36,FOB,Road
268,34,NL,2024-05-20,Bangladesh Import & Supply Co. 27,31880,381146.21,CFR,Sea
269,39,LK,2025-03-27,Bangladesh Import & Supply Co. 04,22988,437665.45,CIF,Sea
270,10,NP,2024-08-28,Bangladesh Import & Supply Co. 04,27473,362435.95,CIF,Sea
271,23,NP,2025-09-27,Bangladesh Import & Supply Co. 34,9450,14142.23,FOB,Sea
272,59,ZA,2025-03-02,Bangladesh Import & Supply Co. 11,30591,207342.72,EXW,Road
273,12,CH,2024-06-07,Bangladesh Import & Supply Co. 21,9280,156437.94,FOB,Sea
274,31,FR,2025-06-03,Bangladesh Import & Supply Co. 13,33127,270461.57,CFR,Sea
275,5,DE,2024-07-20,Bangladesh Import & Supply Co. 04,27280,70265.74,FOB,Road
276,39,AE,2026-07-08,Bangladesh Import & Supply Co. 04,21101,100857.02,CIF,Air
277,55,ZA,2024-02-28,Bangladesh Import & Supply Co. 15,13736,75457.13,CFR,Air
278,54,AE,2026-06-19,Bangladesh Import & Supply Co. 15,21233,109678.95,EXW,Sea
279,11,ES,2026-03-09,Bangladesh Import & Supply Co. 06,22569,353937.9,EXW,Sea
280,31,DE,2025-04-08,Bangladesh Import & Supply Co. 21,21024,493333.96,FOB,Sea
281,10,CA,2024-05-17,Bangladesh Import & Supply Co. 11,6360,151903.48,FOB,Sea
282,15,TH,2025-03-25,Bangladesh Import & Supply Co. 37,11170,122843.66,FOB,Sea
283,5,NZ,2025-07-03,Bangladesh Import & Supply Co. 14,24837,211296.54,EXW,Sea
284,5,TH,2025-06-18,Bangladesh Import & Supply Co. 12,20904,126749.7,CIF,Sea
285,35,ES,2024-02-26,Bangladesh Import & Supply Co. 40,21384,312581.2,CIF,Sea
286,45,CA,2026-01-13,Bangladesh Import & Supply Co. 34,14145,178723.93,CFR,Road
287,24,DE,2024-03-06,Bangladesh Import & Supply Co. 14,33013,789190.94,EXW,Sea
288,27,NL,2026-07-04,Bangladesh Import & Supply Co. 27,16582,362551.88,EXW,Sea
289,42,BE,2024-06-04,Bangladesh Import & Supply Co. 40,22416,400728.71,EXW,Road
290,9,CN,2025-07-02,Bangladesh Import & Supply Co. 20,14714,69452.85,EXW,Road
291,29,ES,2025-11-05,Bangladesh Import & Supply Co. 14,26961,616752.46,FOB,Sea
292,36,ZA,2024-04-13,Bangladesh Import & Supply Co. 29,19885,207964.18,CFR,Sea
293,57,NP,2025-01-12,Bangladesh Import & Supply Co. 19,22352,441601.08,EXW,Sea
294,25,PK,2024-07-15,Bangladesh Import & Supply Co. 40,25980,129724.03,CIF,Road
295,19,AE,2025-08-11,Bangladesh Import & Supply Co. 37,17053,81825.84,CFR,Sea
296,31,IT,2025-09-02,Bangladesh Import & Supply Co. 32,13076,106690.99,CFR,Sea
297,51,NL,2025-10-29,Bangladesh Import & Supply Co. 35,5569,79961.41,EXW,Sea
298,11,CN,2025-08-12,Bangladesh Import & Supply Co. 32,34293,403664.78,CFR,Road
299,23,QA,2024-03-01,Bangladesh Import & Supply Co. 03,21269,17551.3,CFR,Air
300,50,IT,2025-06-26,Bangladesh Import & Supply Co. 14,5215,87320.67,CFR,Sea
301,19,KR,2026-02-13,Bangladesh Import & Supply Co. 27,32728,626763.36,CFR,Sea
302,33,NP,2025-02-12,Bangladesh Import & Supply Co. 30,3167,5466.5,CFR,Sea
303,27,NZ,2024-11-02,Bangladesh Import & Supply Co. 34,2258,31471.23,FOB,Sea
304,43,DE,2025-02-02,Bangladesh Import & Supply Co. 31,8730,171760.47,FOB,Road
305,57,KR,2026-01-20,Bangladesh Import & Supply Co. 13,32696,418470.65,EXW,Sea
306,42,DE,2024-09-12,Bangladesh Import & Supply Co. 03,32624,381750.25,EXW,Sea
307,27,BE,2025-11-24,Bangladesh Import & Supply Co. 05,17924,300424.48,EXW,Sea
308,33,NZ,2025-11-27,Bangladesh Import & Supply Co. 10,24167,98285.43,CIF,Road
309,12,SG,2024-01-10,Bangladesh Import & Supply Co. 09,34670,351624.15,CFR,Sea
310,28,PK,2025-01-12,Bangladesh Import & Supply Co. 34,3340,32181.57,CIF,Sea
311,31,JP,2026-07-11,Bangladesh Import & Supply Co. 14,11302,100422.08,EXW,Road
312,15,NZ,2024-08-30,Bangladesh Import & Supply Co. 01,30416,288099.46,FOB,Sea
313,55,GB,2026-01-28,Bangladesh Import & Supply Co. 08,1387,22230.82,CFR,Sea
314,55,CA,2025-09-23,Bangladesh Import & Supply Co. 26,33016,320248.59,CFR,Sea
315,32,BR,2024-10-12,Bangladesh Import & Supply Co. 01,9010,212183.13,CIF,Air
316,26,GB,2026-04-13,Bangladesh Import & Supply Co. 40,12687,67282.86,CFR,Sea
317,8,CN,2025-05-25,Bangladesh Import & Supply Co. 21,11062,148078.31,FOB,Sea
318,17,ZA,2026-06-13,Bangladesh Import & Supply Co. 26,13023,176101.36,CFR,Sea
319,55,NL,2024-08-29,Bangladesh Import & Supply Co. 17,3590,49492.62,CIF,Air
320,8,AU,2024-07-07,Bangladesh Import & Supply Co. 04,7233,25778.3,CFR,Sea
321,53,JP,2024-01-09,Bangladesh Import & Supply Co. 10,32402,135372.71,CIF,Sea
322,50,NL,2024-02-19,Bangladesh Import & Supply Co. 36,31915,482841.13,CIF,Sea
323,2,BR,2025-05-24,Bangladesh Import & Supply Co. 22,30198,628787.39,FOB,Sea
324,31,PK,2024-04-02,Bangladesh Import & Supply Co. 38,29534,206249.58,FOB,Sea
325,28,NL,2024-04-19,Bangladesh Import & Supply Co. 33,23453,50043.82,CIF,Air
326,54,AU,2025-06-30,Bangladesh Import & Supply Co. 23,5562,64926.69,FOB,Sea
327,41,MY,2024-12-11,Bangladesh Import & Supply Co. 31,14286,188085.79,FOB,Sea
328,59,DE,2024-05-19,Bangladesh Import & Supply Co. 16,2623,16583.42,CIF,Sea
329,10,GB,2026-08-23,Bangladesh Import & Supply Co. 23,25584,461271.89,FOB,Sea
330,2,BR,2026-08-18,Bangladesh Import & Supply Co. 04,11624,180352.75,CFR,Air
331,43,PK,2025-08-18,Bangladesh Import & Supply Co. 24,8220,23515.41,FOB,Sea
332,18,KR,2026-01-22,Bangladesh Import & Supply Co. 18,20733,487819.26,CIF,
333,52,IT,2024-07-13,Bangladesh Import & Supply Co. 32,5991,24200.72,FOB,Sea
334,8,PK,2025-10-08,Bangladesh Import & Supply Co. 26,6481,21325.5,CIF,Sea
335,4,IT,2024-10-25,Bangladesh Import & Supply Co. 02,18999,337094.72,FOB,Sea
336,58,IT,2024-04-23,Bangladesh Import & Supply Co. 18,13717,207902.79,CFR,Sea
337,38,ZA,2024-05-29,Bangladesh Import & Supply Co. 25,13513,279585.67,FOB,Sea
338,5,NP,2024-07-25,Bangladesh Import & Supply Co. 20,26082,132971.64,EXW,Sea
339,32,MY,2024-04-27,Bangladesh Import & Supply Co. 07,13874,219198.59,FOB,Road
340,28,CN,2025-11-16,Bangladesh Import & Supply Co. 04,21058,326044.39,CIF,Road
341,59,GB,2025-09-30,,17649,79348.44,EXW,Sea
342,21,AE,2024-12-01,Bangladesh Import & Supply Co. 03,22108,326279.17,EXW,Sea
343,24,GB,2024-01-16,Bangladesh Import & Supply Co. 16,25199,228674.38,FOB,Sea
344,13,PK,2025-09-01,Bangladesh Import & Supply Co. 35,12759,304264.03,EXW,Sea
345,36,CN,2025-03-21,Bangladesh Import & Supply Co. 31,29864,576328.19,CFR,Road
346,56,PK,2025-01-05,Bangladesh Import & Supply Co. 09,14091,306247.99,FOB,Sea
347,15,DE,2026-05-13,Bangladesh Import & Supply Co. 13,5640,107576.11,FOB,Sea
348,18,DE,2024-01-26,Bangladesh Import & Supply Co. 31,26794,217922.18,FOB,Road
349,24,JP,2025-02-23,Bangladesh Import & Supply Co. 36,21257,422167.83,CIF,Sea
350,33,CH,2026-05-04,Bangladesh Import & Supply Co. 13,18109,52041.04,EXW,Sea
351,24,AU,2025-03-05,Bangladesh Import & Supply Co. 20,7342,49994.13,EXW,Sea
352,14,AU,2024-12-08,Bangladesh Import & Supply Co. 23,13009,153867.54,CFR,Road
353,51,MY,2025-11-21,Bangladesh Import & Supply Co. 27,23450,346864.65,FOB,Sea
354,11,TH,2026-05-11,Bangladesh Import & Supply Co. 07,1403,7741.17,CFR,Road
355,35,AE,2024-01-12,Bangladesh Import & Supply Co. 38,13688,282229.36,FOB,Sea
356,59,AE,2025-09-08,Bangladesh Import & Supply Co. 22,19355,133055.62,CIF,Sea
357,18,NP,2025-09-05,Bangladesh Import & Supply Co. 22,34207,766831.93,FOB,Sea
358,35,CN,2024-05-26,Bangladesh Import & Supply Co. 06,31143,238642.49,CFR,Sea
359,12,DE,2026-07-15,Bangladesh Import & Supply Co. 35,12962,129031.42,CIF,Sea
360,52,SE,2025-06-13,Bangladesh Import & Supply Co. 19,10099,117887.1,CFR,Air
361,2,BR,2026-03-27,Bangladesh Import & Supply Co. 04,12737,36632.15,CIF,Sea
362,41,MY,2025-12-25,Bangladesh Import & Supply Co. 34,32779,304871.81,CFR,Sea
363,17,KR,2026-02-17,Bangladesh Import & Supply Co. 36,24549,537586.27,FOB,Sea
364,12,US,2024-08-21,Bangladesh Import & Supply Co. 11,11152,137385.26,FOB,Sea
365,34,NL,2026-01-12,Bangladesh Import & Supply Co. 11,12405,108952.99,FOB,Sea
366,11,BR,2025-01-01,Bangladesh Import & Supply Co. 23,2410,30987.1,FOB,Sea
367,25,FR,2025-04-22,Bangladesh Import & Supply Co. 23,27097,147813.69,FOB,Road
368,47,FR,2025-01-04,Bangladesh Import & Supply Co. 13,3809,21260.05,CFR,Road
369,40,TH,2025-11-28,Bangladesh Import & Supply Co. 33,5067,4633.36,CIF,Air
370,49,ES,2026-01-06,Bangladesh Import & Supply Co. 08,18137,235183.04,FOB,Sea
371,49,SG,2025-01-23,Bangladesh Import & Supply Co. 03,5653,13390.35,CIF,Road
372,9,US,2025-10-14,Bangladesh Import & Supply Co. 09,2577,51586.68,EXW,Road
373,56,ES,2025-05-25,Bangladesh Import & Supply Co. 37,1020,18205.52,CIF,Sea
374,36,AU,2025-07-09,Bangladesh Import & Supply Co. 38,31153,498136.29,EXW,Road
375,21,JP,2025-11-20,Bangladesh Import & Supply Co. 37,2788,50634.54,FOB,Sea
376,40,CA,2026-01-28,Bangladesh Import & Supply Co. 27,25931,331989.2,FOB,Sea
377,35,CN,2024-01-09,Bangladesh Import & Supply Co. 01,534,12472.45,FOB,Air
378,39,KR,2025-12-08,Bangladesh Import & Supply Co. 15,6594,8981.54,CFR,Sea
379,55,AE,2026-05-20,Bangladesh Import & Supply Co. 22,9749,203369.92,CFR,Sea
380,3,SE,2026-07-15,Bangladesh Import & Supply Co. 08,2884,13442.87,CIF,Air
381,41,BR,2024-11-12,Bangladesh Import & Supply Co. 01,6927,123043.82,FOB,Road
382,48,BR,2026-01-10,Bangladesh Import & Supply Co. 19,29029,342852.9,EXW,Sea
383,27,QA,2026-08-19,Bangladesh Import & Supply Co. 12,15349,348223.38,CFR,Sea
384,59,AU,2025-10-25,Bangladesh Import & Supply Co. 11,6789,107808.2,CFR,Sea
385,5,CN,2024-01-18,Bangladesh Import & Supply Co. 13,15262,261409.76,FOB,Sea
386,2,IT,2024-02-24,Bangladesh Import & Supply Co. 27,33414,389871.78,EXW,Sea
387,3,US,2025-08-23,Bangladesh Import & Supply Co. 39,22716,166626,CFR,Sea
388,59,IN,2025-06-02,Bangladesh Import & Supply Co. 03,18840,374075.75,FOB,Sea
389,42,NP,2025-04-25,Bangladesh Import & Supply Co. 39,4345,21400.36,CFR,Sea
390,31,CA,2025-10-17,Bangladesh Import & Supply Co. 11,16111,383869.53,CFR,Sea
391,52,CH,2024-03-17,Bangladesh Import & Supply Co. 02,24690,93016.55,CFR,Sea
392,56,JP,2025-10-16,Bangladesh Import & Supply Co. 06,8840,84728.96,EXW,Sea
393,1,PK,2025-12-08,Bangladesh Import & Supply Co. 12,4605,47692.25,CIF,Road
394,60,ES,2025-11-14,Bangladesh Import & Supply Co. 23,23761,23044.4,CFR,Sea
395,60,CN,2024-02-28,Bangladesh Import & Supply Co. 36,11553,24183.41,EXW,Sea
396,52,MY,2024-08-22,Bangladesh Import & Supply Co. 24,16316,229816.79,CFR,Air
397,11,NZ,2025-07-22,Bangladesh Import & Supply Co. 24,8634,142424.89,EXW,Sea
398,2,QA,2025-06-21,Bangladesh Import & Supply Co. 38,25687,311099.88,EXW,Sea
399,56,GB,2025-02-14,Bangladesh Import & Supply Co. 34,4661,32049.02,CFR,Road
400,1,QA,2024-11-19,Bangladesh Import & Supply Co. 32,31147,624371.07,EXW,Sea
401,13,CN,2026-04-07,Bangladesh Import & Supply Co. 15,26430,551718.92,FOB,Sea
402,60,KR,2026-01-24,Bangladesh Import & Supply Co. 24,14768,326274.23,EXW,Sea
403,33,FR,2025-05-04,Bangladesh Import & Supply Co. 35,18529,138219.25,CIF,Sea
404,27,GB,2024-11-12,Bangladesh Import & Supply Co. 03,8567,68952.63,EXW,Road
405,38,TH,2026-02-20,Bangladesh Import & Supply Co. 01,20801,330675.59,CIF,Sea
406,14,KR,2026-08-03,Bangladesh Import & Supply Co. 16,4254,30182.07,CFR,Road
407,60,SE,2025-04-01,Bangladesh Import & Supply Co. 04,23957,142437.19,CIF,Sea
408,55,VN,2025-04-22,Bangladesh Import & Supply Co. 26,10760,121889.59,CIF,Sea
409,27,NZ,2024-07-26,Bangladesh Import & Supply Co. 39,5111,24669.75,EXW,Sea
410,22,SA,2025-03-08,Bangladesh Import & Supply Co. 15,32347,342397.97,CIF,Sea
411,12,US,2024-06-11,Bangladesh Import & Supply Co. 20,3506,77914.82,CIF,Sea
412,19,BR,2026-04-22,Bangladesh Import & Supply Co. 21,29873,508800.26,CFR,Sea
413,38,BR,2024-01-05,Bangladesh Import & Supply Co. 36,17811,14591.63,CIF,Sea
414,55,DE,2026-05-10,Bangladesh Import & Supply Co. 17,25706,126621.99,FOB,Sea
415,10,NL,2026-04-23,Bangladesh Import & Supply Co. 36,5566,60466.12,EXW,Sea
416,20,DE,2025-04-16,Bangladesh Import & Supply Co. 09,29832,127354.7,CFR,Sea
417,53,ZA,2026-07-07,Bangladesh Import & Supply Co. 25,19633,258294.4,CIF,Sea
418,5,AE,2025-10-24,Bangladesh Import & Supply Co. 03,22104,280923.69,FOB,Sea
419,16,ES,2025-12-24,Bangladesh Import & Supply Co. 35,27454,574885.1,CIF,Sea
420,29,ZA,2026-04-04,Bangladesh Import & Supply Co. 40,25310,543848.83,CIF,Road
421,3,GB,2024-03-11,Bangladesh Import & Supply Co. 27,9988,148819.89,FOB,Sea
422,46,FR,2024-01-29,Bangladesh Import & Supply Co. 23,9488,147032.29,CFR,Sea
423,36,GB,2025-03-25,Bangladesh Import & Supply Co. 02,27634,91961.54,FOB,Sea
424,11,CH,2025-08-24,Bangladesh Import & Supply Co. 31,23894,336110.02,CFR,Road
425,54,ES,2025-03-03,Bangladesh Import & Supply Co. 03,16511,375764.55,EXW,Sea
426,52,CN,2025-01-06,Bangladesh Import & Supply Co. 33,32078,372876.72,FOB,Sea
427,25,BR,2025-07-03,Bangladesh Import & Supply Co. 15,12451,270473.76,FOB,Air
428,41,US,2025-12-27,Bangladesh Import & Supply Co. 11,6845,53230.38,FOB,Sea
429,41,NL,2025-08-15,Bangladesh Import & Supply Co. 19,2186,35509.39,FOB,Sea
430,42,GB,2024-07-13,Bangladesh Import & Supply Co. 03,18277,370736.47,CFR,Sea
431,29,ZA,2025-06-06,Bangladesh Import & Supply Co. 03,21605,402944.98,FOB,Sea
432,40,IN,2025-04-07,Bangladesh Import & Supply Co. 10,4348,45996.82,CIF,Sea
433,2,DE,2024-02-17,Bangladesh Import & Supply Co. 08,32579,530092.56,CIF,Sea
434,39,BE,2026-08-14,Bangladesh Import & Supply Co. 35,12954,185095.67,CFR,Air
435,52,VN,2026-04-04,Bangladesh Import & Supply Co. 28,23242,555278.61,CIF,Sea
436,22,SG,2025-09-27,Bangladesh Import & Supply Co. 05,19846,441080.47,EXW,Sea
437,46,SE,2024-08-04,Bangladesh Import & Supply Co. 37,7337,138813.94,CIF,Sea
438,18,US,2026-05-11,Bangladesh Import & Supply Co. 10,26170,575684.03,FOB,Sea
439,59,AU,2024-04-13,Bangladesh Import & Supply Co. 40,31032,119884.12,CFR,Sea
440,25,TH,2025-04-11,Bangladesh Import & Supply Co. 38,19817,283597.28,FOB,Road
441,26,IN,2025-01-26,Bangladesh Import & Supply Co. 19,8321,12964.96,FOB,Sea
442,53,FR,2025-12-17,Bangladesh Import & Supply Co. 11,27827,613940.24,CIF,Sea
443,60,TH,2026-05-19,Bangladesh Import & Supply Co. 14,22559,406381.52,CFR,Road
444,49,IN,2026-03-04,Bangladesh Import & Supply Co. 34,19676,127802.82,,Sea
445,28,QA,2026-04-20,Bangladesh Import & Supply Co. 36,6658,126414.38,FOB,Road
446,10,GB,2025-04-20,Bangladesh Import & Supply Co. 01,27959,538817.84,FOB,Sea
447,16,JP,2025-03-25,Bangladesh Import & Supply Co. 34,1874,34336.86,CIF,Sea
448,40,JP,2024-06-29,Bangladesh Import & Supply Co. 36,15127,276702.17,FOB,Road
449,22,VN,2025-06-08,Bangladesh Import & Supply Co. 39,1751,24091.5,FOB,Sea
450,31,NP,2024-05-02,Bangladesh Import & Supply Co. 21,33081,81482.48,FOB,Road
451,41,SG,2026-06-11,Bangladesh Import & Supply Co. 24,11752,214256.89,FOB,Sea
452,59,ZA,2025-12-11,Bangladesh Import & Supply Co. 29,22162,337380.3,CFR,Sea
453,59,NP,2024-04-12,Bangladesh Import & Supply Co. 37,11112,137993.5,FOB,Sea
454,26,ZA,2025-12-20,Bangladesh Import & Supply Co. 19,4855,28008.73,CIF,Sea
455,1,MY,2024-02-08,Bangladesh Import & Supply Co. 26,24574,268567.76,FOB,Sea
456,34,NL,2025-12-11,Bangladesh Import & Supply Co. 01,26787,122602.7,FOB,Sea
457,8,CA,2025-11-08,Bangladesh Import & Supply Co. 11,24766,397457.36,EXW,Sea
458,55,SE,2024-04-23,Bangladesh Import & Supply Co. 23,6717,88129.86,FOB,Sea
459,50,SG,2024-07-02,Bangladesh Import & Supply Co. 08,21342,263812.17,EXW,Air
460,46,IT,2024-06-07,Bangladesh Import & Supply Co. 39,29055,67926.38,CFR,Air
461,36,QA,2024-05-15,Bangladesh Import & Supply Co. 29,31155,376426.71,CFR,Sea
462,40,LK,2024-08-01,Bangladesh Import & Supply Co. 34,27237,438065.41,EXW,Road
463,58,MY,2025-04-02,Bangladesh Import & Supply Co. 14,21080,145597.81,EXW,Sea
464,35,NZ,2024-01-13,Bangladesh Import & Supply Co. 39,16930,250814.7,CFR,Air
465,49,TH,2024-10-29,Bangladesh Import & Supply Co. 19,24829,100473.85,CIF,Sea
466,38,SG,2025-08-30,Bangladesh Import & Supply Co. 24,32373,317090.81,FOB,Sea
467,5,LK,2026-05-28,Bangladesh Import & Supply Co. 31,21669,415663.88,CIF,Sea
468,27,AU,2024-02-13,Bangladesh Import & Supply Co. 03,11111,27490.42,EXW,Road
469,20,SG,2026-07-08,Bangladesh Import & Supply Co. 38,9764,168167.48,CFR,Sea
470,23,TH,2025-12-31,Bangladesh Import & Supply Co. 20,20472,401979.22,FOB,Sea
471,54,BR,2025-01-02,Bangladesh Import & Supply Co. 28,29277,111311.79,EXW,Air
472,5,SA,2024-02-02,Bangladesh Import & Supply Co. 26,26738,230107.82,EXW,Sea
473,49,US,2025-06-03,Bangladesh Import & Supply Co. 33,11176,186307.19,EXW,Sea
474,42,VN,2024-08-11,Bangladesh Import & Supply Co. 14,7376,106851.42,CIF,Air
475,54,ZA,2025-02-24,Bangladesh Import & Supply Co. 08,25242,457354.15,EXW,Air
476,3,VN,2024-07-30,Bangladesh Import & Supply Co. 35,6169,35880.65,EXW,Sea
477,49,CH,2026-04-19,Bangladesh Import & Supply Co. 29,3220,23906.44,FOB,Sea
478,42,AU,2025-01-07,Bangladesh Import & Supply Co. 37,28928,593027.53,EXW,Sea
479,18,BR,2024-05-12,Bangladesh Import & Supply Co. 25,14550,93857.41,EXW,Sea
480,48,CN,2026-01-05,Bangladesh Import & Supply Co. 34,12544,81775.67,FOB,Sea
481,7,JP,2025-07-26,Bangladesh Import & Supply Co. 30,31589,520531,FOB,Sea
482,45,SG,2026-04-21,Bangladesh Import & Supply Co. 29,9998,97701.25,EXW,Road
483,27,BE,2024-03-20,Bangladesh Import & Supply Co. 24,19507,74974.5,EXW,Road
484,50,NZ,2024-11-17,Bangladesh Import & Supply Co. 30,19148,156774.28,CFR,Sea
485,18,PK,2025-05-18,Bangladesh Import & Supply Co. 32,34253,151672.48,EXW,Air
486,42,JP,2025-07-28,Bangladesh Import & Supply Co. 20,2096,18477.34,EXW,Air
487,55,QA,2025-11-12,Bangladesh Import & Supply Co. 33,19663,85075.32,FOB,Air
488,41,IN,2025-05-24,Bangladesh Import & Supply Co. 21,26202,334088.42,FOB,Sea
489,40,VN,2024-04-09,Bangladesh Import & Supply Co. 23,21454,240289.81,CFR,Sea
490,40,ES,2026-07-14,Bangladesh Import & Supply Co. 32,15022,90783.75,FOB,Sea
491,26,AE,2025-12-02,Bangladesh Import & Supply Co. 17,29620,34998.95,CFR,Sea
492,42,CN,2025-02-10,Bangladesh Import & Supply Co. 35,31097,251122.99,EXW,Sea
493,39,NL,2026-03-01,Bangladesh Import & Supply Co. 12,18774,94522.37,FOB,Sea
494,40,NL,2025-05-18,Bangladesh Import & Supply Co. 26,8798,35161.57,EXW,Sea
495,34,NP,2024-01-10,Bangladesh Import & Supply Co. 31,26820,80611.82,EXW,Sea
496,54,IN,2025-11-12,Bangladesh Import & Supply Co. 17,13290,299006.18,CIF,Sea
497,59,GB,2024-01-26,Bangladesh Import & Supply Co. 13,2562,35318.81,EXW,Sea
498,30,QA,2024-03-19,Bangladesh Import & Supply Co. 07,23954,497416.93,CFR,Sea
499,40,KR,2025-01-09,Bangladesh Import & Supply Co. 38,25044,238680.35,CIF,Sea
500,48,SG,2025-02-12,Bangladesh Import & Supply Co. 27,4300,64477.03,CIF,Sea
